"Year","Month","Index_2024-01-02","Index_2024-01-03","Index_2024-01-04","Index_2024-01-05","Index_2024-01-08","Index_2024-01-09","Index_2024-01-10","Index_2024-01-11","Index_2024-01-12","Index_2024-01-16","Index_2024-01-17","Index_2024-01-18","Index_2024-01-19","Index_2024-01-22","Index_2024-01-23","Index_2024-01-24","Index_2024-01-25","Index_2024-01-26","Index_2024-01-29","Index_2024-01-30","Index_2024-01-31","Index_2024-02-01","Index_2024-02-02","Index_2024-02-05","Index_2024-02-06","Index_2024-02-07","Index_2024-02-08","Index_2024-02-09","Index_2024-02-12","Index_2024-02-13","Index_2024-02-14","Index_2024-02-15","Index_2024-02-16","Index_2024-02-20","Index_2024-02-21","Index_2024-02-22","Index_2024-02-23","Index_2024-02-26","Index_2024-02-27","Index_2024-02-28","Index_2024-02-29","Index_2024-03-01","Index_2024-03-04","Index_2024-03-05","Index_2024-03-06","Index_2024-03-07","Index_2024-03-08","Index_2024-03-11","Index_2024-03-12","Index_2024-03-13","Index_2024-03-14","Index_2024-03-15","Index_2024-03-18","Index_2024-03-19","Index_2024-03-20","Index_2024-03-21","Index_2024-03-22","Index_2024-03-25","Index_2024-03-26","Index_2024-03-27","Index_2024-03-28","Index_2024-03-29","Index_2024-04-01","Index_2024-04-02","Index_2024-04-03"
2004,8,0.55,0.55,0.55,0.55,0.55,0.55,0.55,0.55,0.55,0.55,0.55,0.55,0.55,0.55,0.55,0.55,0.55,0.55,0.55,0.55,0.55,0.55,0.55,0.55,0.55,0.55,0.55,0.55,0.55,0.55,0.55,0.55,0.55,0.55,0.55,0.55,0.55,0.55,0.55,0.55,0.55,0.55,0.55,0.55,0.55,0.55,0.55,0.55,0.55,0.55,0.55,0.55,0.55,0.55,0.55,0.55,0.55,0.55,0.55,0.55,0.55,0.55,0.55,0.55,0.55
2004,9,0.24,0.24,0.24,0.24,0.24,0.24,0.24,0.24,0.24,0.24,0.24,0.24,0.24,0.24,0.24,0.24,0.24,0.24,0.24,0.24,0.24,0.24,0.24,0.24,0.24,0.24,0.24,0.24,0.24,0.24,0.24,0.24,0.24,0.24,0.24,0.24,0.24,0.24,0.24,0.24,0.24,0.24,0.24,0.24,0.24,0.24,0.24,0.24,0.24,0.24,0.24,0.24,0.24,0.24,0.24,0.24,0.24,0.24,0.24,0.24,0.24,0.24,0.24,0.24,0.24
2004,10,1.05,1.05,1.05,1.05,1.05,1.05,1.05,1.05,1.05,1.05,1.05,1.05,1.05,1.05,1.05,1.05,1.05,1.05,1.05,1.05,1.05,1.05,1.05,1.05,1.05,1.05,1.05,1.05,1.05,1.05,1.05,1.05,1.05,1.05,1.05,1.05,1.05,1.05,1.05,1.05,1.05,1.05,1.05,1.05,1.05,1.05,1.05,1.05,1.05,1.05,1.05,1.05,1.05,1.05,1.05,1.05,1.05,1.05,1.05,1.05,1.05,1.05,1.05,1.05,1.05
2004,11,0.84,0.84,0.84,0.84,0.84,0.84,0.84,0.84,0.84,0.84,0.84,0.84,0.84,0.84,0.84,0.84,0.84,0.84,0.84,0.84,0.84,0.84,0.84,0.84,0.84,0.84,0.84,0.84,0.84,0.84,0.84,0.84,0.84,0.84,0.84,0.84,0.84,0.84,0.84,0.84,0.84,0.84,0.84,0.84,0.84,0.84,0.84,0.84,0.84,0.84,0.84,0.84,0.84,0.84,0.84,0.84,0.84,0.84,0.84,0.84,0.84,0.84,0.84,0.84,0.84
2004,12,0.68,0.68,0.68,0.68,0.68,0.68,0.68,0.68,0.68,0.68,0.68,0.68,0.68,0.68,0.68,0.68,0.68,0.68,0.68,0.68,0.68,0.68,0.68,0.68,0.68,0.68,0.68,0.68,0.68,0.68,0.68,0.68,0.68,0.68,0.68,0.68,0.68,0.68,0.68,0.68,0.68,0.68,0.68,0.68,0.68,0.68,0.68,0.68,0.68,0.68,0.68,0.68,0.68,0.68,0.68,0.68,0.68,0.68,0.68,0.68,0.68,0.68,0.68,0.68,0.68
2005,1,0.82,0.82,0.82,0.82,0.82,0.82,0.82,0.82,0.82,0.82,0.82,0.82,0.82,0.82,0.82,0.82,0.82,0.82,0.82,0.82,0.82,0.82,0.82,0.82,0.82,0.82,0.82,0.82,0.82,0.82,0.82,0.82,0.82,0.82,0.82,0.82,0.82,0.82,0.82,0.82,0.82,0.82,0.82,0.82,0.82,0.82,0.82,0.82,0.82,0.82,0.82,0.82,0.82,0.82,0.82,0.82,0.82,0.82,0.82,0.82,0.82,0.82,0.82,0.82,0.82
2005,2,0.99,0.99,0.99,0.99,0.99,0.99,0.99,0.99,0.99,0.99,0.99,0.99,0.99,0.99,0.99,0.99,0.99,0.99,0.99,0.99,0.99,0.99,0.99,0.99,0.99,0.99,0.99,0.99,0.99,0.99,0.99,0.99,0.99,0.99,0.99,0.99,0.99,0.99,0.99,0.99,0.99,0.99,0.99,0.99,0.99,0.99,0.99,0.99,0.99,0.99,0.99,0.99,0.99,0.99,0.99,0.99,0.99,0.99,0.99,0.99,0.99,0.99,0.99,0.99,0.99
2005,3,-0.49,-0.49,-0.49,-0.49,-0.49,-0.49,-0.49,-0.49,-0.49,-0.49,-0.49,-0.49,-0.49,-0.49,-0.49,-0.49,-0.49,-0.49,-0.49,-0.49,-0.49,-0.49,-0.49,-0.49,-0.49,-0.49,-0.49,-0.49,-0.49,-0.49,-0.49,-0.49,-0.49,-0.49,-0.49,-0.49,-0.49,-0.49,-0.49,-0.49,-0.49,-0.49,-0.49,-0.49,-0.49,-0.49,-0.49,-0.49,-0.49,-0.49,-0.49,-0.49,-0.49,-0.49,-0.49,-0.49,-0.49,-0.49,-0.49,-0.49,-0.49,-0.49,-0.49,-0.49,-0.49
2005,4,1.35,1.35,1.35,1.35,1.35,1.35,1.35,1.35,1.35,1.35,1.35,1.35,1.35,1.35,1.35,1.35,1.35,1.35,1.35,1.35,1.35,1.35,1.35,1.35,1.35,1.35,1.35,1.35,1.35,1.35,1.35,1.35,1.35,1.35,1.35,1.35,1.35,1.35,1.35,1.35,1.35,1.35,1.35,1.35,1.35,1.35,1.35,1.35,1.35,1.35,1.35,1.35,1.35,1.35,1.35,1.35,1.35,1.35,1.35,1.36,1.36,1.36,1.36,1.36,1.36
2005,5,0.05,0.05,0.05,0.05,0.05,0.05,0.05,0.05,0.05,0.05,0.05,0.05,0.05,0.05,0.05,0.05,0.05,0.05,0.05,0.05,0.05,0.05,0.05,0.05,0.05,0.05,0.05,0.05,0.05,0.05,0.05,0.05,0.05,0.05,0.05,0.05,0.05,0.05,0.05,0.05,0.05,0.05,0.05,0.05,0.05,0.05,0.05,0.05,0.05,0.05,0.05,0.05,0.05,0.05,0.05,0.05,0.05,0.05,0.05,0.05,0.05,0.05,0.05,0.05,0.05
2005,6,0.58,0.58,0.58,0.58,0.58,0.58,0.58,0.58,0.58,0.58,0.58,0.58,0.58,0.58,0.58,0.58,0.58,0.58,0.58,0.58,0.58,0.58,0.58,0.58,0.58,0.58,0.58,0.58,0.58,0.58,0.58,0.58,0.58,0.58,0.58,0.58,0.58,0.58,0.58,0.58,0.58,0.58,0.58,0.58,0.58,0.58,0.58,0.58,0.58,0.58,0.58,0.58,0.58,0.58,0.58,0.58,0.58,0.58,0.58,0.58,0.58,0.58,0.58,0.58,0.58
2005,7,-0.78,-0.78,-0.78,-0.78,-0.78,-0.78,-0.78,-0.78,-0.78,-0.78,-0.78,-0.78,-0.78,-0.78,-0.78,-0.78,-0.78,-0.78,-0.78,-0.78,-0.78,-0.78,-0.78,-0.78,-0.78,-0.78,-0.78,-0.78,-0.78,-0.78,-0.78,-0.78,-0.78,-0.78,-0.78,-0.78,-0.78,-0.78,-0.78,-0.78,-0.78,-0.78,-0.78,-0.78,-0.78,-0.78,-0.78,-0.78,-0.78,-0.78,-0.78,-0.78,-0.78,-0.78,-0.78,-0.78,-0.78,-0.78,-0.78,-0.78,-0.78,-0.78,-0.78,-0.78,-0.78
2005,8,0.65,0.65,0.65,0.65,0.65,0.65,0.65,0.65,0.65,0.65,0.65,0.65,0.65,0.65,0.65,0.65,0.65,0.65,0.65,0.65,0.65,0.65,0.65,0.65,0.65,0.65,0.65,0.65,0.65,0.65,0.65,0.65,0.65,0.65,0.65,0.65,0.65,0.65,0.65,0.65,0.65,0.65,0.65,0.65,0.65,0.65,0.65,0.65,0.65,0.65,0.65,0.65,0.65,0.65,0.65,0.65,0.65,0.65,0.65,0.66,0.66,0.66,0.66,0.66,0.66
2005,9,0.56,0.56,0.56,0.56,0.56,0.56,0.56,0.56,0.56,0.56,0.56,0.56,0.56,0.56,0.56,0.56,0.56,0.56,0.56,0.56,0.56,0.56,0.56,0.56,0.56,0.56,0.56,0.56,0.56,0.56,0.56,0.56,0.56,0.56,0.56,0.56,0.56,0.56,0.56,0.56,0.56,0.56,0.56,0.56,0.56,0.56,0.56,0.56,0.56,0.56,0.56,0.56,0.56,0.56,0.56,0.56,0.56,0.56,0.56,0.56,0.56,0.56,0.56,0.56,0.56
2005,10,0.93,0.93,0.93,0.93,0.93,0.93,0.93,0.93,0.93,0.93,0.93,0.93,0.93,0.93,0.93,0.93,0.93,0.93,0.93,0.93,0.93,0.93,0.93,0.93,0.93,0.93,0.93,0.93,0.93,0.93,0.93,0.93,0.93,0.93,0.93,0.93,0.93,0.93,0.93,0.93,0.93,0.93,0.93,0.93,0.93,0.93,0.93,0.93,0.93,0.93,0.93,0.93,0.93,0.93,0.93,0.93,0.93,0.93,0.93,0.93,0.93,0.93,0.93,0.93,0.93
2005,11,1.05,1.05,1.05,1.05,1.05,1.05,1.05,1.05,1.05,1.05,1.05,1.05,1.05,1.05,1.05,1.05,1.05,1.05,1.05,1.05,1.05,1.05,1.05,1.05,1.05,1.05,1.05,1.05,1.05,1.05,1.05,1.05,1.05,1.05,1.05,1.05,1.05,1.05,1.05,1.05,1.05,1.05,1.05,1.05,1.05,1.05,1.05,1.05,1.05,1.05,1.05,1.05,1.05,1.05,1.05,1.05,1.05,1.05,1.05,1.05,1.05,1.05,1.05,1.05,1.05
2005,12,0.85,0.85,0.85,0.85,0.85,0.85,0.85,0.85,0.85,0.85,0.85,0.85,0.85,0.85,0.85,0.85,0.85,0.85,0.85,0.85,0.85,0.85,0.85,0.85,0.85,0.85,0.85,0.85,0.85,0.85,0.85,0.85,0.85,0.85,0.85,0.85,0.85,0.85,0.85,0.85,0.85,0.85,0.85,0.85,0.85,0.85,0.85,0.85,0.85,0.85,0.85,0.85,0.85,0.85,0.85,0.85,0.85,0.85,0.85,0.85,0.85,0.85,0.85,0.85,0.85
2006,1,1.15,1.15,1.15,1.15,1.15,1.15,1.15,1.15,1.15,1.15,1.15,1.15,1.15,1.15,1.15,1.15,1.15,1.15,1.15,1.15,1.15,1.15,1.15,1.15,1.15,1.15,1.15,1.15,1.15,1.15,1.15,1.15,1.15,1.15,1.15,1.15,1.15,1.15,1.15,1.15,1.15,1.15,1.15,1.15,1.15,1.15,1.15,1.15,1.15,1.15,1.15,1.15,1.15,1.15,1.15,1.15,1.15,1.15,1.15,1.15,1.15,1.15,1.15,1.15,1.15
2006,2,-0.04,-0.04,-0.04,-0.04,-0.04,-0.04,-0.04,-0.04,-0.04,-0.04,-0.04,-0.04,-0.04,-0.04,-0.04,-0.04,-0.04,-0.04,-0.04,-0.04,-0.04,-0.04,-0.04,-0.04,-0.04,-0.04,-0.04,-0.04,-0.04,-0.04,-0.04,-0.04,-0.04,-0.04,-0.04,-0.04,-0.04,-0.04,-0.04,-0.04,-0.04,-0.04,-0.04,-0.04,-0.04,-0.04,-0.04,-0.04,-0.04,-0.04,-0.04,-0.04,-0.04,-0.04,-0.04,-0.04,-0.04,-0.04,-0.04,-0.04,-0.04,-0.04,-0.04,-0.04,-0.04
2006,3,1.02,1.02,1.02,1.02,1.02,1.02,1.02,1.02,1.02,1.02,1.02,1.02,1.02,1.02,1.02,1.02,1.02,1.02,1.02,1.02,1.02,1.02,1.02,1.02,1.02,1.02,1.02,1.02,1.02,1.02,1.02,1.02,1.02,1.02,1.02,1.02,1.02,1.02,1.02,1.02,1.02,1.02,1.02,1.02,1.02,1.02,1.02,1.02,1.02,1.02,1.02,1.02,1.02,1.02,1.02,1.02,1.02,1.02,1.02,1.02,1.02,1.02,1.02,1.02,1.02
2006,4,-0.29,-0.29,-0.29,-0.29,-0.29,-0.29,-0.29,-0.29,-0.29,-0.29,-0.29,-0.29,-0.29,-0.29,-0.29,-0.29,-0.29,-0.29,-0.29,-0.29,-0.29,-0.29,-0.29,-0.29,-0.29,-0.29,-0.29,-0.29,-0.29,-0.29,-0.29,-0.29,-0.29,-0.29,-0.29,-0.29,-0.29,-0.29,-0.29,-0.29,-0.29,-0.29,-0.29,-0.29,-0.29,-0.29,-0.29,-0.29,-0.29,-0.29,-0.29,-0.29,-0.29,-0.29,-0.29,-0.29,-0.29,-0.29,-0.29,-0.29,-0.29,-0.29,-0.29,-0.29,-0.29
2006,5,0.72,0.72,0.72,0.72,0.72,0.72,0.72,0.72,0.72,0.72,0.72,0.72,0.72,0.72,0.72,0.72,0.72,0.72,0.72,0.72,0.72,0.72,0.72,0.72,0.72,0.72,0.72,0.72,0.72,0.72,0.72,0.72,0.72,0.72,0.72,0.72,0.72,0.72,0.72,0.72,0.72,0.72,0.72,0.72,0.72,0.72,0.72,0.72,0.72,0.72,0.72,0.72,0.72,0.72,0.72,0.72,0.72,0.72,0.72,0.72,0.72,0.72,0.72,0.72,0.72
2006,6,0.55,0.55,0.55,0.55,0.55,0.55,0.55,0.55,0.55,0.55,0.55,0.55,0.55,0.55,0.55,0.55,0.55,0.55,0.55,0.55,0.55,0.55,0.55,0.55,0.55,0.55,0.55,0.55,0.55,0.55,0.55,0.55,0.55,0.55,0.55,0.55,0.55,0.55,0.55,0.55,0.55,0.55,0.55,0.55,0.55,0.55,0.55,0.55,0.55,0.55,0.55,0.55,0.55,0.55,0.55,0.55,0.55,0.55,0.55,0.54,0.54,0.54,0.54,0.54,0.54
2006,7,-0.84,-0.84,-0.84,-0.84,-0.84,-0.84,-0.84,-0.84,-0.84,-0.84,-0.84,-0.84,-0.84,-0.84,-0.84,-0.84,-0.84,-0.84,-0.84,-0.84,-0.84,-0.84,-0.84,-0.84,-0.84,-0.84,-0.84,-0.84,-0.84,-0.84,-0.84,-0.84,-0.84,-0.84,-0.84,-0.84,-0.84,-0.84,-0.84,-0.84,-0.84,-0.84,-0.84,-0.84,-0.84,-0.84,-0.84,-0.84,-0.84,-0.84,-0.84,-0.84,-0.84,-0.84,-0.84,-0.84,-0.84,-0.84,-0.84,-0.83,-0.83,-0.83,-0.83,-0.83,-0.83
2006,8,0.5,0.5,0.5,0.5,0.5,0.5,0.5,0.5,0.5,0.5,0.5,0.5,0.5,0.5,0.5,0.5,0.5,0.5,0.5,0.5,0.5,0.5,0.5,0.5,0.5,0.5,0.5,0.5,0.5,0.5,0.5,0.5,0.5,0.5,0.5,0.5,0.5,0.5,0.5,0.5,0.5,0.5,0.5,0.5,0.5,0.5,0.5,0.5,0.5,0.5,0.5,0.5,0.5,0.5,0.5,0.5,0.5,0.5,0.5,0.5,0.5,0.5,0.5,0.5,0.5
2006,9,0.42,0.42,0.42,0.42,0.42,0.42,0.42,0.42,0.42,0.42,0.42,0.42,0.42,0.42,0.42,0.42,0.42,0.42,0.42,0.42,0.42,0.42,0.42,0.42,0.42,0.42,0.42,0.42,0.42,0.42,0.42,0.42,0.42,0.42,0.42,0.42,0.42,0.42,0.42,0.42,0.42,0.42,0.42,0.42,0.42,0.42,0.42,0.42,0.42,0.42,0.42,0.42,0.42,0.42,0.42,0.42,0.42,0.42,0.42,0.42,0.42,0.42,0.42,0.42,0.42
2006,10,-1.21,-1.21,-1.21,-1.21,-1.21,-1.21,-1.21,-1.21,-1.21,-1.21,-1.21,-1.21,-1.21,-1.21,-1.21,-1.21,-1.21,-1.21,-1.21,-1.21,-1.21,-1.21,-1.21,-1.21,-1.21,-1.21,-1.21,-1.21,-1.21,-1.21,-1.21,-1.21,-1.21,-1.21,-1.21,-1.21,-1.21,-1.21,-1.21,-1.21,-1.21,-1.21,-1.21,-1.21,-1.21,-1.21,-1.21,-1.21,-1.21,-1.21,-1.21,-1.21,-1.21,-1.21,-1.21,-1.21,-1.21,-1.21,-1.21,-1.21,-1.21,-1.21,-1.21,-1.21,-1.21
2006,11,0.48,0.48,0.48,0.48,0.48,0.48,0.48,0.48,0.48,0.48,0.48,0.48,0.48,0.48,0.48,0.48,0.48,0.48,0.48,0.48,0.48,0.48,0.48,0.48,0.48,0.48,0.48,0.48,0.48,0.48,0.48,0.48,0.48,0.48,0.48,0.48,0.48,0.48,0.48,0.48,0.48,0.48,0.48,0.48,0.48,0.48,0.48,0.48,0.48,0.48,0.48,0.48,0.48,0.48,0.48,0.48,0.48,0.48,0.48,0.48,0.48,0.48,0.48,0.48,0.48
2006,12,0.79,0.79,0.79,0.79,0.79,0.79,0.79,0.79,0.79,0.79,0.79,0.79,0.79,0.79,0.79,0.79,0.79,0.79,0.79,0.79,0.79,0.79,0.79,0.79,0.79,0.79,0.79,0.79,0.79,0.79,0.79,0.79,0.79,0.79,0.79,0.79,0.79,0.79,0.79,0.79,0.79,0.79,0.79,0.79,0.79,0.79,0.79,0.79,0.79,0.79,0.79,0.79,0.79,0.79,0.79,0.79,0.79,0.79,0.79,0.78,0.78,0.78,0.78,0.78,0.78
2007,1,-0.6,-0.6,-0.6,-0.6,-0.6,-0.6,-0.6,-0.6,-0.6,-0.6,-0.6,-0.6,-0.6,-0.6,-0.6,-0.6,-0.6,-0.6,-0.6,-0.6,-0.6,-0.6,-0.6,-0.6,-0.6,-0.6,-0.6,-0.6,-0.6,-0.6,-0.6,-0.6,-0.6,-0.6,-0.6,-0.6,-0.6,-0.6,-0.6,-0.6,-0.6,-0.6,-0.6,-0.6,-0.6,-0.6,-0.6,-0.6,-0.6,-0.6,-0.6,-0.6,-0.6,-0.6,-0.6,-0.6,-0.6,-0.6,-0.6,-0.6,-0.6,-0.6,-0.6,-0.6,-0.6
2007,2,-0.07,-0.07,-0.07,-0.07,-0.07,-0.07,-0.07,-0.07,-0.07,-0.07,-0.07,-0.07,-0.07,-0.07,-0.07,-0.07,-0.07,-0.07,-0.07,-0.07,-0.07,-0.07,-0.07,-0.07,-0.07,-0.07,-0.07,-0.07,-0.07,-0.07,-0.07,-0.07,-0.07,-0.07,-0.07,-0.07,-0.07,-0.07,-0.07,-0.07,-0.07,-0.07,-0.07,-0.07,-0.07,-0.07,-0.07,-0.07,-0.07,-0.07,-0.07,-0.07,-0.07,-0.07,-0.07,-0.07,-0.07,-0.07,-0.07,-0.07,-0.07,-0.07,-0.07,-0.07,-0.07
2007,3,1.01,1.01,1.01,1.01,1.01,1.01,1.01,1.01,1.01,1.01,1.01,1.01,1.01,1.01,1.01,1.01,1.01,1.01,1.01,1.01,1.01,1.01,1.01,1.01,1.01,1.01,1.01,1.01,1.01,1.01,1.01,1.01,1.01,1.01,1.01,1.01,1.01,1.01,1.01,1.01,1.01,1.01,1.01,1.01,1.01,1.01,1.01,1.01,1.01,1.01,1.01,1.01,1.01,1.01,1.01,1.01,1.01,1.01,1.01,1.02,1.02,1.02,1.02,1.02,1.02
2007,4,-0.09,-0.09,-0.09,-0.09,-0.09,-0.09,-0.09,-0.09,-0.09,-0.09,-0.09,-0.09,-0.09,-0.09,-0.09,-0.09,-0.09,-0.09,-0.09,-0.09,-0.09,-0.09,-0.09,-0.09,-0.09,-0.09,-0.09,-0.09,-0.09,-0.09,-0.09,-0.09,-0.09,-0.09,-0.09,-0.09,-0.09,-0.09,-0.09,-0.09,-0.09,-0.09,-0.09,-0.09,-0.09,-0.09,-0.09,-0.09,-0.09,-0.09,-0.09,-0.09,-0.09,-0.09,-0.09,-0.09,-0.09,-0.09,-0.09,-0.09,-0.09,-0.09,-0.09,-0.09,-0.09
2007,5,0.57,0.57,0.57,0.57,0.57,0.57,0.57,0.57,0.57,0.57,0.57,0.57,0.57,0.57,0.57,0.57,0.57,0.57,0.57,0.57,0.57,0.57,0.57,0.57,0.57,0.57,0.57,0.57,0.57,0.57,0.57,0.57,0.57,0.57,0.57,0.57,0.57,0.57,0.57,0.57,0.57,0.57,0.57,0.57,0.57,0.57,0.57,0.57,0.57,0.57,0.57,0.57,0.57,0.57,0.57,0.57,0.57,0.57,0.57,0.58,0.58,0.58,0.58,0.58,0.58
2007,6,-0.03,-0.03,-0.03,-0.03,-0.03,-0.03,-0.03,-0.03,-0.03,-0.03,-0.03,-0.03,-0.03,-0.03,-0.03,-0.03,-0.03,-0.03,-0.03,-0.03,-0.03,-0.03,-0.03,-0.03,-0.03,-0.03,-0.03,-0.03,-0.03,-0.03,-0.03,-0.03,-0.03,-0.03,-0.03,-0.03,-0.03,-0.03,-0.03,-0.03,-0.03,-0.03,-0.03,-0.03,-0.03,-0.03,-0.03,-0.03,-0.03,-0.03,-0.03,-0.03,-0.03,-0.03,-0.03,-0.03,-0.03,-0.03,-0.03,-0.03,-0.03,-0.03,-0.03,-0.03,-0.03
2007,7,-0.14,-0.14,-0.14,-0.14,-0.14,-0.14,-0.14,-0.14,-0.14,-0.14,-0.14,-0.14,-0.14,-0.14,-0.14,-0.14,-0.14,-0.14,-0.14,-0.14,-0.14,-0.14,-0.14,-0.14,-0.14,-0.14,-0.14,-0.14,-0.14,-0.14,-0.14,-0.14,-0.14,-0.14,-0.14,-0.14,-0.14,-0.14,-0.14,-0.14,-0.14,-0.14,-0.14,-0.14,-0.14,-0.14,-0.14,-0.14,-0.14,-0.14,-0.14,-0.14,-0.14,-0.14,-0.14,-0.14,-0.14,-0.14,-0.14,-0.14,-0.14,-0.14,-0.14,-0.14,-0.14
2007,8,0.19,0.19,0.19,0.19,0.19,0.19,0.19,0.19,0.19,0.19,0.19,0.19,0.19,0.19,0.19,0.19,0.19,0.19,0.19,0.19,0.19,0.19,0.19,0.19,0.19,0.19,0.19,0.19,0.19,0.19,0.19,0.19,0.19,0.19,0.19,0.19,0.19,0.19,0.19,0.19,0.19,0.19,0.19,0.19,0.19,0.19,0.19,0.19,0.19,0.19,0.19,0.19,0.19,0.19,0.19,0.19,0.19,0.19,0.19,0.19,0.19,0.19,0.19,0.19,0.19
2007,9,-0.31,-0.31,-0.31,-0.31,-0.31,-0.31,-0.31,-0.31,-0.31,-0.31,-0.31,-0.31,-0.31,-0.31,-0.31,-0.31,-0.31,-0.31,-0.31,-0.31,-0.31,-0.31,-0.31,-0.31,-0.31,-0.31,-0.31,-0.31,-0.31,-0.31,-0.31,-0.31,-0.31,-0.31,-0.31,-0.31,-0.31,-0.31,-0.31,-0.31,-0.31,-0.31,-0.31,-0.31,-0.31,-0.31,-0.31,-0.31,-0.31,-0.31,-0.31,-0.31,-0.31,-0.31,-0.31,-0.31,-0.31,-0.31,-0.31,-0.31,-0.31,-0.31,-0.31,-0.31,-0.31
2007,10,0.43,0.43,0.43,0.43,0.43,0.43,0.43,0.43,0.43,0.43,0.43,0.43,0.43,0.43,0.43,0.43,0.43,0.43,0.43,0.43,0.43,0.43,0.43,0.43,0.43,0.43,0.43,0.43,0.43,0.43,0.43,0.43,0.43,0.43,0.43,0.43,0.43,0.43,0.43,0.43,0.43,0.43,0.43,0.43,0.43,0.43,0.43,0.43,0.43,0.43,0.43,0.43,0.43,0.43,0.43,0.43,0.43,0.43,0.43,0.43,0.43,0.43,0.43,0.43,0.43
2007,11,0.41,0.41,0.41,0.41,0.41,0.41,0.41,0.41,0.41,0.41,0.41,0.41,0.41,0.41,0.41,0.41,0.41,0.41,0.41,0.41,0.41,0.41,0.41,0.41,0.41,0.41,0.41,0.41,0.41,0.41,0.41,0.41,0.41,0.41,0.41,0.41,0.41,0.41,0.41,0.41,0.41,0.41,0.41,0.41,0.41,0.41,0.41,0.41,0.41,0.41,0.41,0.41,0.41,0.41,0.41,0.41,0.41,0.41,0.41,0.4,0.4,0.4,0.4,0.4,0.4
2007,12,0.07,0.07,0.07,0.07,0.07,0.07,0.07,0.07,0.07,0.07,0.07,0.07,0.07,0.07,0.07,0.07,0.07,0.07,0.07,0.07,0.07,0.07,0.07,0.07,0.07,0.07,0.07,0.07,0.07,0.07,0.07,0.07,0.07,0.07,0.07,0.07,0.07,0.07,0.07,0.07,0.07,0.07,0.07,0.07,0.07,0.07,0.07,0.07,0.07,0.07,0.07,0.07,0.07,0.07,0.07,0.07,0.07,0.07,0.07,0.08,0.08,0.08,0.08,0.08,0.08
2008,1,0.56,0.56,0.56,0.56,0.56,0.56,0.56,0.56,0.56,0.56,0.56,0.56,0.56,0.56,0.56,0.56,0.56,0.56,0.56,0.56,0.56,0.56,0.56,0.56,0.56,0.56,0.56,0.56,0.56,0.56,0.56,0.56,0.56,0.56,0.56,0.56,0.56,0.56,0.56,0.56,0.56,0.56,0.56,0.56,0.56,0.56,0.56,0.56,0.56,0.56,0.56,0.56,0.56,0.56,0.56,0.56,0.56,0.56,0.56,0.56,0.56,0.56,0.56,0.56,0.56
2008,2,-0.25,-0.25,-0.25,-0.25,-0.25,-0.25,-0.25,-0.25,-0.25,-0.25,-0.25,-0.25,-0.25,-0.25,-0.25,-0.25,-0.25,-0.25,-0.25,-0.25,-0.25,-0.25,-0.25,-0.25,-0.25,-0.25,-0.25,-0.25,-0.25,-0.25,-0.25,-0.25,-0.25,-0.25,-0.25,-0.25,-0.25,-0.25,-0.25,-0.25,-0.25,-0.25,-0.25,-0.25,-0.25,-0.25,-0.25,-0.25,-0.25,-0.25,-0.25,-0.25,-0.25,-0.25,-0.25,-0.25,-0.25,-0.25,-0.25,-0.25,-0.25,-0.25,-0.25,-0.25,-0.25
2008,3,-0.81,-0.81,-0.81,-0.81,-0.81,-0.81,-0.81,-0.81,-0.81,-0.81,-0.81,-0.81,-0.81,-0.81,-0.81,-0.81,-0.81,-0.81,-0.81,-0.81,-0.81,-0.81,-0.81,-0.81,-0.81,-0.81,-0.81,-0.81,-0.81,-0.81,-0.81,-0.81,-0.81,-0.81,-0.81,-0.81,-0.81,-0.81,-0.81,-0.81,-0.81,-0.81,-0.81,-0.81,-0.81,-0.81,-0.81,-0.81,-0.81,-0.81,-0.81,-0.81,-0.81,-0.81,-0.81,-0.81,-0.81,-0.81,-0.81,-0.81,-0.81,-0.81,-0.81,-0.81,-0.81
2008,4,0.54,0.54,0.54,0.54,0.54,0.54,0.54,0.54,0.54,0.54,0.54,0.54,0.54,0.54,0.54,0.54,0.54,0.54,0.54,0.54,0.54,0.54,0.54,0.54,0.54,0.54,0.54,0.54,0.54,0.54,0.54,0.54,0.54,0.54,0.54,0.54,0.54,0.54,0.54,0.54,0.54,0.54,0.54,0.54,0.54,0.54,0.54,0.54,0.54,0.54,0.54,0.54,0.54,0.54,0.54,0.54,0.54,0.54,0.54,0.54,0.54,0.54,0.54,0.54,0.54
2008,5,-0.11,-0.11,-0.11,-0.11,-0.11,-0.11,-0.11,-0.11,-0.11,-0.11,-0.11,-0.11,-0.11,-0.11,-0.11,-0.11,-0.11,-0.11,-0.11,-0.11,-0.11,-0.11,-0.11,-0.11,-0.11,-0.11,-0.11,-0.11,-0.11,-0.11,-0.11,-0.11,-0.11,-0.11,-0.11,-0.11,-0.11,-0.11,-0.11,-0.11,-0.11,-0.11,-0.11,-0.11,-0.11,-0.11,-0.11,-0.11,-0.11,-0.11,-0.11,-0.11,-0.11,-0.11,-0.11,-0.11,-0.11,-0.11,-0.11,-0.11,-0.11,-0.11,-0.11,-0.11,-0.11
2008,6,0.98,0.98,0.98,0.98,0.98,0.98,0.98,0.98,0.98,0.98,0.98,0.98,0.98,0.98,0.98,0.98,0.98,0.98,0.98,0.98,0.98,0.98,0.98,0.98,0.98,0.98,0.98,0.98,0.98,0.98,0.98,0.98,0.98,0.98,0.98,0.98,0.98,0.98,0.98,0.98,0.98,0.98,0.98,0.98,0.98,0.98,0.98,0.98,0.98,0.98,0.98,0.98,0.98,0.98,0.98,0.98,0.98,0.98,0.98,0.98,0.98,0.98,0.98,0.98,0.98
2008,7,-0.7,-0.7,-0.7,-0.7,-0.7,-0.7,-0.7,-0.7,-0.7,-0.7,-0.7,-0.7,-0.7,-0.7,-0.7,-0.7,-0.7,-0.7,-0.7,-0.7,-0.7,-0.7,-0.7,-0.7,-0.7,-0.7,-0.7,-0.7,-0.7,-0.7,-0.7,-0.7,-0.7,-0.7,-0.7,-0.7,-0.7,-0.7,-0.7,-0.7,-0.7,-0.7,-0.7,-0.7,-0.7,-0.7,-0.7,-0.7,-0.7,-0.7,-0.7,-0.7,-0.7,-0.7,-0.7,-0.7,-0.7,-0.7,-0.7,-0.7,-0.7,-0.7,-0.7,-0.7,-0.7
2008,8,-1.65,-1.65,-1.65,-1.65,-1.65,-1.65,-1.65,-1.65,-1.65,-1.65,-1.65,-1.65,-1.65,-1.65,-1.65,-1.65,-1.65,-1.65,-1.65,-1.65,-1.65,-1.65,-1.65,-1.65,-1.65,-1.65,-1.65,-1.65,-1.65,-1.65,-1.65,-1.65,-1.65,-1.65,-1.65,-1.65,-1.65,-1.65,-1.65,-1.65,-1.65,-1.65,-1.65,-1.65,-1.65,-1.65,-1.65,-1.65,-1.65,-1.65,-1.65,-1.65,-1.65,-1.65,-1.65,-1.65,-1.65,-1.65,-1.65,-1.66,-1.66,-1.66,-1.66,-1.66,-1.66
2008,9,-2.71,-2.71,-2.71,-2.71,-2.71,-2.71,-2.71,-2.71,-2.71,-2.71,-2.71,-2.71,-2.71,-2.71,-2.71,-2.71,-2.71,-2.71,-2.71,-2.71,-2.71,-2.71,-2.71,-2.71,-2.71,-2.71,-2.71,-2.71,-2.71,-2.71,-2.71,-2.71,-2.71,-2.71,-2.71,-2.71,-2.71,-2.71,-2.71,-2.71,-2.71,-2.71,-2.71,-2.71,-2.71,-2.71,-2.71,-2.71,-2.71,-2.71,-2.71,-2.71,-2.71,-2.71,-2.71,-2.71,-2.71,-2.71,-2.71,-2.71,-2.71,-2.71,-2.71,-2.71,-2.71
2008,10,-3.41,-3.41,-3.41,-3.41,-3.41,-3.41,-3.41,-3.41,-3.41,-3.41,-3.41,-3.41,-3.41,-3.41,-3.41,-3.41,-3.41,-3.41,-3.41,-3.41,-3.41,-3.41,-3.41,-3.41,-3.41,-3.41,-3.41,-3.41,-3.41,-3.41,-3.41,-3.41,-3.41,-3.41,-3.41,-3.41,-3.41,-3.41,-3.41,-3.41,-3.41,-3.41,-3.41,-3.41,-3.41,-3.41,-3.41,-3.41,-3.41,-3.41,-3.41,-3.41,-3.41,-3.41,-3.41,-3.41,-3.41,-3.41,-3.41,-3.41,-3.41,-3.41,-3.41,-3.41,-3.41
2008,11,-5.15,-5.15,-5.15,-5.15,-5.15,-5.15,-5.15,-5.15,-5.15,-5.15,-5.15,-5.15,-5.15,-5.15,-5.15,-5.15,-5.15,-5.15,-5.15,-5.15,-5.15,-5.15,-5.15,-5.15,-5.15,-5.15,-5.15,-5.15,-5.15,-5.15,-5.15,-5.15,-5.15,-5.15,-5.15,-5.15,-5.15,-5.15,-5.15,-5.15,-5.15,-5.15,-5.15,-5.15,-5.15,-5.15,-5.15,-5.15,-5.15,-5.15,-5.15,-5.15,-5.15,-5.15,-5.15,-5.15,-5.15,-5.15,-5.15,-5.15,-5.15,-5.15,-5.15,-5.15,-5.15
2008,12,-5.36,-5.36,-5.36,-5.36,-5.36,-5.36,-5.36,-5.36,-5.36,-5.36,-5.36,-5.36,-5.36,-5.36,-5.36,-5.36,-5.36,-5.36,-5.36,-5.36,-5.36,-5.36,-5.36,-5.36,-5.36,-5.36,-5.36,-5.36,-5.36,-5.36,-5.36,-5.36,-5.36,-5.36,-5.36,-5.36,-5.36,-5.36,-5.36,-5.36,-5.36,-5.36,-5.36,-5.36,-5.36,-5.36,-5.36,-5.36,-5.36,-5.36,-5.36,-5.36,-5.36,-5.36,-5.36,-5.36,-5.36,-5.36,-5.36,-5.36,-5.36,-5.36,-5.36,-5.36,-5.36
2009,1,-3.77,-3.77,-3.77,-3.77,-3.77,-3.77,-3.77,-3.77,-3.77,-3.77,-3.77,-3.77,-3.77,-3.77,-3.77,-3.77,-3.77,-3.77,-3.77,-3.77,-3.77,-3.77,-3.77,-3.77,-3.77,-3.77,-3.77,-3.77,-3.77,-3.77,-3.77,-3.77,-3.77,-3.77,-3.77,-3.77,-3.77,-3.77,-3.77,-3.77,-3.77,-3.77,-3.77,-3.77,-3.77,-3.77,-3.77,-3.77,-3.77,-3.77,-3.77,-3.77,-3.77,-3.77,-3.77,-3.77,-3.77,-3.77,-3.77,-3.77,-3.77,-3.77,-3.77,-3.77,-3.77
2009,2,-1.67,-1.67,-1.67,-1.67,-1.67,-1.67,-1.67,-1.67,-1.67,-1.67,-1.67,-1.67,-1.67,-1.67,-1.67,-1.67,-1.67,-1.67,-1.67,-1.67,-1.67,-1.67,-1.67,-1.67,-1.67,-1.67,-1.67,-1.67,-1.67,-1.67,-1.67,-1.67,-1.67,-1.67,-1.67,-1.67,-1.67,-1.67,-1.67,-1.67,-1.67,-1.67,-1.67,-1.67,-1.67,-1.67,-1.67,-1.67,-1.67,-1.67,-1.67,-1.67,-1.67,-1.67,-1.67,-1.67,-1.67,-1.67,-1.67,-1.67,-1.67,-1.67,-1.67,-1.67,-1.67
2009,3,-2.8,-2.8,-2.8,-2.8,-2.8,-2.8,-2.8,-2.8,-2.8,-2.8,-2.8,-2.8,-2.8,-2.8,-2.8,-2.8,-2.8,-2.8,-2.8,-2.8,-2.8,-2.8,-2.8,-2.8,-2.8,-2.8,-2.8,-2.8,-2.8,-2.8,-2.8,-2.8,-2.8,-2.8,-2.8,-2.8,-2.8,-2.8,-2.8,-2.8,-2.8,-2.8,-2.8,-2.8,-2.8,-2.8,-2.8,-2.8,-2.8,-2.8,-2.8,-2.8,-2.8,-2.8,-2.8,-2.8,-2.8,-2.8,-2.8,-2.8,-2.8,-2.8,-2.8,-2.8,-2.8
2009,4,-1.83,-1.83,-1.83,-1.83,-1.83,-1.83,-1.83,-1.83,-1.83,-1.83,-1.83,-1.83,-1.83,-1.83,-1.83,-1.83,-1.83,-1.83,-1.83,-1.83,-1.83,-1.83,-1.83,-1.83,-1.83,-1.83,-1.83,-1.83,-1.83,-1.83,-1.83,-1.83,-1.83,-1.83,-1.83,-1.83,-1.83,-1.83,-1.83,-1.83,-1.83,-1.83,-1.83,-1.83,-1.83,-1.83,-1.83,-1.83,-1.83,-1.83,-1.83,-1.83,-1.83,-1.83,-1.83,-1.83,-1.83,-1.83,-1.83,-1.83,-1.83,-1.83,-1.83,-1.83,-1.83
2009,5,-0.71,-0.71,-0.71,-0.71,-0.71,-0.71,-0.71,-0.71,-0.71,-0.71,-0.71,-0.71,-0.71,-0.71,-0.71,-0.71,-0.71,-0.71,-0.71,-0.71,-0.71,-0.71,-0.71,-0.71,-0.71,-0.71,-0.71,-0.71,-0.71,-0.71,-0.71,-0.71,-0.71,-0.71,-0.71,-0.71,-0.71,-0.71,-0.71,-0.71,-0.71,-0.71,-0.71,-0.71,-0.71,-0.71,-0.71,-0.71,-0.71,-0.71,-0.71,-0.71,-0.71,-0.71,-0.71,-0.71,-0.71,-0.71,-0.71,-0.72,-0.72,-0.72,-0.72,-0.72,-0.72
2009,6,-0.5,-0.5,-0.5,-0.5,-0.5,-0.5,-0.5,-0.5,-0.5,-0.5,-0.5,-0.5,-0.5,-0.5,-0.5,-0.5,-0.5,-0.5,-0.5,-0.5,-0.5,-0.5,-0.5,-0.5,-0.5,-0.5,-0.5,-0.5,-0.5,-0.5,-0.5,-0.5,-0.5,-0.5,-0.5,-0.5,-0.5,-0.5,-0.5,-0.5,-0.5,-0.5,-0.5,-0.5,-0.5,-0.5,-0.5,-0.5,-0.5,-0.5,-0.5,-0.5,-0.5,-0.5,-0.5,-0.5,-0.5,-0.5,-0.5,-0.5,-0.5,-0.5,-0.5,-0.5,-0.5
2009,7,-0.53,-0.53,-0.53,-0.53,-0.53,-0.53,-0.53,-0.53,-0.53,-0.53,-0.53,-0.53,-0.53,-0.53,-0.53,-0.53,-0.53,-0.53,-0.53,-0.53,-0.53,-0.53,-0.53,-0.53,-0.53,-0.53,-0.53,-0.53,-0.53,-0.53,-0.53,-0.53,-0.53,-0.53,-0.53,-0.53,-0.53,-0.53,-0.53,-0.53,-0.53,-0.53,-0.53,-0.53,-0.53,-0.53,-0.53,-0.53,-0.53,-0.53,-0.53,-0.53,-0.53,-0.53,-0.53,-0.53,-0.53,-0.53,-0.53,-0.53,-0.53,-0.53,-0.53,-0.53,-0.53
2009,8,-0.96,-0.96,-0.96,-0.96,-0.96,-0.96,-0.96,-0.96,-0.96,-0.96,-0.96,-0.96,-0.96,-0.96,-0.96,-0.96,-0.96,-0.96,-0.96,-0.96,-0.96,-0.96,-0.96,-0.96,-0.96,-0.96,-0.96,-0.96,-0.96,-0.96,-0.96,-0.96,-0.96,-0.96,-0.96,-0.96,-0.96,-0.96,-0.96,-0.96,-0.96,-0.96,-0.96,-0.96,-0.96,-0.96,-0.96,-0.96,-0.96,-0.96,-0.96,-0.96,-0.96,-0.96,-0.96,-0.96,-0.96,-0.96,-0.96,-0.96,-0.96,-0.96,-0.96,-0.96,-0.96
2009,9,-0.57,-0.57,-0.57,-0.57,-0.57,-0.57,-0.57,-0.57,-0.57,-0.57,-0.57,-0.57,-0.57,-0.57,-0.57,-0.57,-0.57,-0.57,-0.57,-0.57,-0.57,-0.57,-0.57,-0.57,-0.57,-0.57,-0.57,-0.57,-0.57,-0.57,-0.57,-0.57,-0.57,-0.57,-0.57,-0.57,-0.57,-0.57,-0.57,-0.57,-0.57,-0.57,-0.57,-0.57,-0.57,-0.57,-0.57,-0.57,-0.57,-0.57,-0.57,-0.57,-0.57,-0.57,-0.57,-0.57,-0.57,-0.57,-0.57,-0.57,-0.57,-0.57,-0.57,-0.57,-0.57
2009,10,0.5,0.5,0.5,0.5,0.5,0.5,0.5,0.5,0.5,0.5,0.5,0.5,0.5,0.5,0.5,0.5,0.5,0.5,0.5,0.5,0.5,0.5,0.5,0.5,0.5,0.5,0.5,0.5,0.5,0.5,0.5,0.5,0.5,0.5,0.5,0.5,0.5,0.5,0.5,0.5,0.5,0.5,0.5,0.5,0.5,0.5,0.5,0.5,0.5,0.5,0.5,0.5,0.5,0.5,0.5,0.5,0.5,0.5,0.5,0.5,0.5,0.5,0.5,0.5,0.5
2009,11,0.77,0.77,0.77,0.77,0.77,0.77,0.77,0.77,0.77,0.77,0.77,0.77,0.77,0.77,0.77,0.77,0.77,0.77,0.77,0.77,0.77,0.77,0.77,0.77,0.77,0.77,0.77,0.77,0.77,0.77,0.77,0.77,0.77,0.77,0.77,0.77,0.77,0.77,0.77,0.77,0.77,0.77,0.77,0.77,0.77,0.77,0.77,0.77,0.77,0.77,0.77,0.77,0.77,0.77,0.77,0.77,0.77,0.77,0.77,0.76,0.76,0.76,0.76,0.76,0.76
2009,12,-0.04,-0.04,-0.04,-0.04,-0.04,-0.04,-0.04,-0.04,-0.04,-0.04,-0.04,-0.04,-0.04,-0.04,-0.04,-0.04,-0.04,-0.04,-0.04,-0.04,-0.04,-0.04,-0.04,-0.04,-0.04,-0.04,-0.04,-0.04,-0.04,-0.04,-0.04,-0.04,-0.04,-0.04,-0.04,-0.04,-0.04,-0.04,-0.04,-0.04,-0.04,-0.04,-0.04,-0.04,-0.04,-0.04,-0.04,-0.04,-0.04,-0.04,-0.04,-0.04,-0.04,-0.04,-0.04,-0.04,-0.04,-0.04,-0.04,-0.04,-0.04,-0.04,-0.04,-0.04,-0.04
2010,1,0.3,0.3,0.3,0.3,0.3,0.3,0.3,0.3,0.3,0.3,0.3,0.3,0.3,0.3,0.3,0.3,0.3,0.3,0.3,0.3,0.3,0.3,0.3,0.3,0.3,0.3,0.3,0.3,0.3,0.3,0.3,0.3,0.3,0.3,0.3,0.3,0.3,0.3,0.3,0.3,0.3,0.3,0.3,0.3,0.3,0.3,0.3,0.3,0.3,0.3,0.3,0.3,0.3,0.3,0.3,0.3,0.3,0.3,0.3,0.3,0.3,0.3,0.3,0.3,0.3
2010,2,0.38,0.38,0.38,0.38,0.38,0.38,0.38,0.38,0.38,0.38,0.38,0.38,0.38,0.38,0.38,0.38,0.38,0.38,0.38,0.38,0.38,0.38,0.38,0.38,0.38,0.38,0.38,0.38,0.38,0.38,0.38,0.38,0.38,0.38,0.38,0.38,0.38,0.38,0.38,0.38,0.38,0.38,0.38,0.38,0.38,0.38,0.38,0.38,0.38,0.38,0.38,0.38,0.38,0.38,0.38,0.38,0.38,0.38,0.38,0.38,0.38,0.38,0.38,0.38,0.38
2010,3,1.17,1.17,1.17,1.17,1.17,1.17,1.17,1.17,1.17,1.17,1.17,1.17,1.17,1.17,1.17,1.17,1.17,1.17,1.17,1.17,1.17,1.17,1.17,1.17,1.17,1.17,1.17,1.17,1.17,1.17,1.17,1.17,1.17,1.17,1.17,1.17,1.17,1.17,1.17,1.17,1.17,1.17,1.17,1.17,1.17,1.17,1.17,1.17,1.17,1.17,1.17,1.17,1.17,1.17,1.17,1.17,1.17,1.17,1.17,1.17,1.17,1.17,1.17,1.17,1.17
2010,4,-0.06,-0.06,-0.06,-0.06,-0.06,-0.06,-0.06,-0.06,-0.06,-0.06,-0.06,-0.06,-0.06,-0.06,-0.06,-0.06,-0.06,-0.06,-0.06,-0.06,-0.06,-0.06,-0.06,-0.06,-0.06,-0.06,-0.06,-0.06,-0.06,-0.06,-0.06,-0.06,-0.06,-0.06,-0.06,-0.06,-0.06,-0.06,-0.06,-0.06,-0.06,-0.06,-0.06,-0.06,-0.06,-0.06,-0.06,-0.06,-0.06,-0.06,-0.06,-0.06,-0.06,-0.06,-0.06,-0.06,-0.06,-0.06,-0.06,-0.07,-0.07,-0.07,-0.07,-0.07,-0.07
2010,5,-0.32,-0.32,-0.32,-0.32,-0.32,-0.32,-0.32,-0.32,-0.32,-0.32,-0.32,-0.32,-0.32,-0.32,-0.32,-0.32,-0.32,-0.32,-0.32,-0.32,-0.32,-0.32,-0.32,-0.32,-0.32,-0.32,-0.32,-0.32,-0.32,-0.32,-0.32,-0.32,-0.32,-0.32,-0.32,-0.32,-0.32,-0.32,-0.32,-0.32,-0.32,-0.32,-0.32,-0.32,-0.32,-0.32,-0.32,-0.32,-0.32,-0.32,-0.32,-0.32,-0.32,-0.32,-0.32,-0.32,-0.32,-0.32,-0.32,-0.33,-0.33,-0.33,-0.33,-0.33,-0.33
2010,6,0.15,0.15,0.15,0.15,0.15,0.15,0.15,0.15,0.15,0.15,0.15,0.15,0.15,0.15,0.15,0.15,0.15,0.15,0.15,0.15,0.15,0.15,0.15,0.15,0.15,0.15,0.15,0.15,0.15,0.15,0.15,0.15,0.15,0.15,0.15,0.15,0.15,0.15,0.15,0.15,0.15,0.15,0.15,0.15,0.15,0.15,0.15,0.15,0.15,0.15,0.15,0.15,0.15,0.15,0.15,0.15,0.15,0.15,0.15,0.15,0.15,0.15,0.15,0.15,0.15
2010,7,0.13,0.13,0.13,0.13,0.13,0.13,0.13,0.13,0.13,0.13,0.13,0.13,0.13,0.13,0.13,0.13,0.13,0.13,0.13,0.13,0.13,0.13,0.13,0.13,0.13,0.13,0.13,0.13,0.13,0.13,0.13,0.13,0.13,0.13,0.13,0.13,0.13,0.13,0.13,0.13,0.13,0.13,0.13,0.13,0.13,0.13,0.13,0.13,0.13,0.13,0.13,0.13,0.13,0.13,0.13,0.13,0.13,0.13,0.13,0.13,0.13,0.13,0.13,0.13,0.13
2010,8,0.94,0.94,0.94,0.94,0.94,0.94,0.94,0.94,0.94,0.94,0.94,0.94,0.94,0.94,0.94,0.94,0.94,0.94,0.94,0.94,0.94,0.94,0.94,0.94,0.94,0.94,0.94,0.94,0.94,0.94,0.94,0.94,0.94,0.94,0.94,0.94,0.94,0.94,0.94,0.94,0.94,0.94,0.94,0.94,0.94,0.94,0.94,0.94,0.94,0.94,0.94,0.94,0.94,0.94,0.94,0.94,0.94,0.94,0.94,0.94,0.94,0.94,0.94,0.94,0.94
2010,9,1,1,1,1,1,1,1,1,1,1,1,1,1,1,1,1,1,1,1,1,1,1,1,1,1,1,1,1,1,1,1,1,1,1,1,1,1,1,1,1,1,1,1,1,1,1,1,1,1,1,1,1,1,1,1,1,1,1,1,1,1,1,1,1,1
2010,10,0.67,0.67,0.67,0.67,0.67,0.67,0.67,0.67,0.67,0.67,0.67,0.67,0.67,0.67,0.67,0.67,0.67,0.67,0.67,0.67,0.67,0.67,0.67,0.67,0.67,0.67,0.67,0.67,0.67,0.67,0.67,0.67,0.67,0.67,0.67,0.67,0.67,0.67,0.67,0.67,0.67,0.67,0.67,0.67,0.67,0.67,0.67,0.67,0.67,0.67,0.67,0.67,0.67,0.67,0.67,0.67,0.67,0.67,0.67,0.67,0.67,0.67,0.67,0.67,0.67
2010,11,0.61,0.61,0.61,0.61,0.61,0.61,0.61,0.61,0.61,0.61,0.61,0.61,0.61,0.61,0.61,0.61,0.61,0.61,0.61,0.61,0.61,0.61,0.61,0.61,0.61,0.61,0.61,0.61,0.61,0.61,0.61,0.61,0.61,0.61,0.61,0.61,0.61,0.61,0.61,0.61,0.61,0.61,0.61,0.61,0.61,0.61,0.61,0.61,0.61,0.61,0.61,0.61,0.61,0.61,0.61,0.61,0.61,0.61,0.61,0.61,0.61,0.61,0.61,0.61,0.61
2010,12,1.04,1.04,1.04,1.04,1.04,1.04,1.04,1.04,1.04,1.04,1.04,1.04,1.04,1.04,1.04,1.04,1.04,1.04,1.04,1.04,1.04,1.04,1.04,1.04,1.04,1.04,1.04,1.04,1.04,1.04,1.04,1.04,1.04,1.04,1.04,1.04,1.04,1.04,1.04,1.04,1.04,1.04,1.04,1.04,1.04,1.04,1.04,1.04,1.04,1.04,1.04,1.04,1.04,1.04,1.04,1.04,1.04,1.04,1.04,1.04,1.04,1.04,1.04,1.04,1.04
2011,1,0.78,0.78,0.78,0.78,0.78,0.78,0.78,0.78,0.78,0.78,0.78,0.78,0.78,0.78,0.78,0.78,0.78,0.78,0.78,0.78,0.78,0.78,0.78,0.78,0.78,0.78,0.78,0.78,0.78,0.78,0.78,0.78,0.78,0.78,0.78,0.78,0.78,0.78,0.78,0.78,0.78,0.78,0.78,0.78,0.78,0.78,0.78,0.78,0.78,0.78,0.78,0.78,0.78,0.78,0.78,0.78,0.78,0.78,0.78,0.78,0.78,0.78,0.78,0.78,0.78
2011,2,-0.73,-0.73,-0.73,-0.73,-0.73,-0.73,-0.73,-0.73,-0.73,-0.73,-0.73,-0.73,-0.73,-0.73,-0.73,-0.73,-0.73,-0.73,-0.73,-0.73,-0.73,-0.73,-0.73,-0.73,-0.73,-0.73,-0.73,-0.73,-0.73,-0.73,-0.73,-0.73,-0.73,-0.73,-0.73,-0.73,-0.73,-0.73,-0.73,-0.73,-0.73,-0.73,-0.73,-0.73,-0.73,-0.73,-0.73,-0.73,-0.73,-0.73,-0.73,-0.73,-0.73,-0.73,-0.73,-0.73,-0.73,-0.73,-0.73,-0.73,-0.73,-0.73,-0.73,-0.73,-0.73
2011,3,2.55,2.55,2.55,2.55,2.55,2.55,2.55,2.55,2.55,2.55,2.55,2.55,2.55,2.55,2.55,2.55,2.55,2.55,2.55,2.55,2.55,2.55,2.55,2.55,2.55,2.55,2.55,2.55,2.55,2.55,2.55,2.55,2.55,2.55,2.55,2.55,2.55,2.55,2.55,2.55,2.55,2.55,2.55,2.55,2.55,2.55,2.55,2.55,2.55,2.55,2.55,2.55,2.55,2.55,2.55,2.55,2.55,2.55,2.55,2.56,2.56,2.56,2.56,2.56,2.56
2011,4,-0.01,-0.01,-0.01,-0.01,-0.01,-0.01,-0.01,-0.01,-0.01,-0.01,-0.01,-0.01,-0.01,-0.01,-0.01,-0.01,-0.01,-0.01,-0.01,-0.01,-0.01,-0.01,-0.01,-0.01,-0.01,-0.01,-0.01,-0.01,-0.01,-0.01,-0.01,-0.01,-0.01,-0.01,-0.01,-0.01,-0.01,-0.01,-0.01,-0.01,-0.01,-0.01,-0.01,-0.01,-0.01,-0.01,-0.01,-0.01,-0.01,-0.01,-0.01,-0.01,-0.01,-0.01,-0.01,-0.01,-0.01,-0.01,-0.01,-0.01,-0.01,-0.01,-0.01,-0.01,-0.01
2011,5,0.94,0.94,0.94,0.94,0.94,0.94,0.94,0.94,0.94,0.94,0.94,0.94,0.94,0.94,0.94,0.94,0.94,0.94,0.94,0.94,0.94,0.94,0.94,0.94,0.94,0.94,0.94,0.94,0.94,0.94,0.94,0.94,0.94,0.94,0.94,0.94,0.94,0.94,0.94,0.94,0.94,0.94,0.94,0.94,0.94,0.94,0.94,0.94,0.94,0.94,0.94,0.94,0.94,0.94,0.94,0.94,0.94,0.94,0.94,0.94,0.94,0.94,0.94,0.94,0.94
2011,6,0.16,0.16,0.16,0.16,0.16,0.16,0.16,0.16,0.16,0.16,0.16,0.16,0.16,0.16,0.16,0.16,0.16,0.16,0.16,0.16,0.16,0.16,0.16,0.16,0.16,0.16,0.16,0.16,0.16,0.16,0.16,0.16,0.16,0.16,0.16,0.16,0.16,0.16,0.16,0.16,0.16,0.16,0.16,0.16,0.16,0.16,0.16,0.16,0.16,0.16,0.16,0.16,0.16,0.16,0.16,0.16,0.16,0.16,0.16,0.15,0.15,0.15,0.15,0.15,0.15
2011,7,0.45,0.45,0.45,0.45,0.45,0.45,0.45,0.45,0.45,0.45,0.45,0.45,0.45,0.45,0.45,0.45,0.45,0.45,0.45,0.45,0.45,0.45,0.45,0.45,0.45,0.45,0.45,0.45,0.45,0.45,0.45,0.45,0.45,0.45,0.45,0.45,0.45,0.45,0.45,0.45,0.45,0.45,0.45,0.45,0.45,0.45,0.45,0.45,0.45,0.45,0.45,0.45,0.45,0.45,0.45,0.45,0.45,0.45,0.45,0.45,0.45,0.45,0.45,0.45,0.45
2011,8,0.54,0.54,0.54,0.54,0.54,0.54,0.54,0.54,0.54,0.54,0.54,0.54,0.54,0.54,0.54,0.54,0.54,0.54,0.54,0.54,0.54,0.54,0.54,0.54,0.54,0.54,0.54,0.54,0.54,0.54,0.54,0.54,0.54,0.54,0.54,0.54,0.54,0.54,0.54,0.54,0.54,0.54,0.54,0.54,0.54,0.54,0.54,0.54,0.54,0.54,0.54,0.54,0.54,0.54,0.54,0.54,0.54,0.54,0.54,0.54,0.54,0.54,0.54,0.54,0.54
2011,9,-0.73,-0.73,-0.73,-0.73,-0.73,-0.73,-0.73,-0.73,-0.73,-0.73,-0.73,-0.73,-0.73,-0.73,-0.73,-0.73,-0.73,-0.73,-0.73,-0.73,-0.73,-0.73,-0.73,-0.73,-0.73,-0.73,-0.73,-0.73,-0.73,-0.73,-0.73,-0.73,-0.73,-0.73,-0.73,-0.73,-0.73,-0.73,-0.73,-0.73,-0.73,-0.73,-0.73,-0.73,-0.73,-0.73,-0.73,-0.73,-0.73,-0.73,-0.73,-0.73,-0.73,-0.73,-0.73,-0.73,-0.73,-0.73,-0.73,-0.73,-0.73,-0.73,-0.73,-0.73,-0.73
2011,10,0.58,0.58,0.58,0.58,0.58,0.58,0.58,0.58,0.58,0.58,0.58,0.58,0.58,0.58,0.58,0.58,0.58,0.58,0.58,0.58,0.58,0.58,0.58,0.58,0.58,0.58,0.58,0.58,0.58,0.58,0.58,0.58,0.58,0.58,0.58,0.58,0.58,0.58,0.58,0.58,0.58,0.58,0.58,0.58,0.58,0.58,0.58,0.58,0.58,0.58,0.58,0.58,0.58,0.58,0.58,0.58,0.58,0.58,0.58,0.58,0.58,0.58,0.58,0.58,0.58
2011,11,0.46,0.46,0.46,0.46,0.46,0.46,0.46,0.46,0.46,0.46,0.46,0.46,0.46,0.46,0.46,0.46,0.46,0.46,0.46,0.46,0.46,0.46,0.46,0.46,0.46,0.46,0.46,0.46,0.46,0.46,0.46,0.46,0.46,0.46,0.46,0.46,0.46,0.46,0.46,0.46,0.46,0.46,0.46,0.46,0.46,0.46,0.46,0.46,0.46,0.46,0.46,0.46,0.46,0.46,0.46,0.46,0.46,0.46,0.46,0.46,0.46,0.46,0.46,0.46,0.46
2011,12,0.51,0.51,0.51,0.51,0.51,0.51,0.51,0.51,0.51,0.51,0.51,0.51,0.51,0.51,0.51,0.51,0.51,0.51,0.51,0.51,0.51,0.51,0.51,0.51,0.51,0.51,0.51,0.51,0.51,0.51,0.51,0.51,0.51,0.51,0.51,0.51,0.51,0.51,0.51,0.51,0.51,0.51,0.51,0.51,0.51,0.51,0.51,0.51,0.51,0.51,0.51,0.51,0.51,0.51,0.51,0.51,0.51,0.51,0.51,0.51,0.51,0.51,0.51,0.51,0.51
2012,1,0.32,0.32,0.32,0.32,0.32,0.32,0.32,0.32,0.32,0.32,0.32,0.32,0.32,0.32,0.32,0.32,0.32,0.32,0.32,0.32,0.32,0.32,0.32,0.32,0.32,0.32,0.32,0.32,0.32,0.32,0.32,0.32,0.32,0.32,0.32,0.32,0.32,0.32,0.32,0.32,0.32,0.32,0.32,0.32,0.32,0.32,0.32,0.32,0.32,0.32,0.32,0.32,0.32,0.32,0.32,0.32,0.32,0.32,0.32,0.32,0.32,0.32,0.32,0.32,0.32
2012,2,0.55,0.55,0.55,0.55,0.55,0.55,0.55,0.55,0.55,0.55,0.55,0.55,0.55,0.55,0.55,0.55,0.55,0.55,0.55,0.55,0.55,0.55,0.55,0.55,0.55,0.55,0.55,0.55,0.55,0.55,0.55,0.55,0.55,0.55,0.55,0.55,0.55,0.55,0.55,0.55,0.55,0.55,0.55,0.55,0.55,0.55,0.55,0.55,0.55,0.55,0.55,0.55,0.55,0.55,0.55,0.55,0.55,0.55,0.55,0.55,0.55,0.55,0.55,0.55,0.55
2012,3,0.58,0.58,0.58,0.58,0.58,0.58,0.58,0.58,0.58,0.58,0.58,0.58,0.58,0.58,0.58,0.58,0.58,0.58,0.58,0.58,0.58,0.58,0.58,0.58,0.58,0.58,0.58,0.58,0.58,0.58,0.58,0.58,0.58,0.58,0.58,0.58,0.58,0.58,0.58,0.58,0.58,0.58,0.58,0.58,0.58,0.58,0.58,0.58,0.58,0.58,0.58,0.58,0.58,0.58,0.58,0.58,0.58,0.58,0.58,0.58,0.58,0.58,0.58,0.58,0.58
2012,4,-0.37,-0.37,-0.37,-0.37,-0.37,-0.37,-0.37,-0.37,-0.37,-0.37,-0.37,-0.37,-0.37,-0.37,-0.37,-0.37,-0.37,-0.37,-0.37,-0.37,-0.37,-0.37,-0.37,-0.37,-0.37,-0.37,-0.37,-0.37,-0.37,-0.37,-0.37,-0.37,-0.37,-0.37,-0.37,-0.37,-0.37,-0.37,-0.37,-0.37,-0.37,-0.37,-0.37,-0.37,-0.37,-0.37,-0.37,-0.37,-0.37,-0.37,-0.37,-0.37,-0.37,-0.37,-0.37,-0.37,-0.37,-0.37,-0.37,-0.37,-0.37,-0.37,-0.37,-0.37,-0.37
2012,5,0.03,0.03,0.03,0.03,0.03,0.03,0.03,0.03,0.03,0.03,0.03,0.03,0.03,0.03,0.03,0.03,0.03,0.03,0.03,0.03,0.03,0.03,0.03,0.03,0.03,0.03,0.03,0.03,0.03,0.03,0.03,0.03,0.03,0.03,0.03,0.03,0.03,0.03,0.03,0.03,0.03,0.03,0.03,0.03,0.03,0.03,0.03,0.03,0.03,0.03,0.03,0.03,0.03,0.03,0.03,0.03,0.03,0.03,0.03,0.03,0.03,0.03,0.03,0.03,0.03
2012,6,-0.34,-0.34,-0.34,-0.34,-0.34,-0.34,-0.34,-0.34,-0.34,-0.34,-0.34,-0.34,-0.34,-0.34,-0.34,-0.34,-0.34,-0.34,-0.34,-0.34,-0.34,-0.34,-0.34,-0.34,-0.34,-0.34,-0.34,-0.34,-0.34,-0.34,-0.34,-0.34,-0.34,-0.34,-0.34,-0.34,-0.34,-0.34,-0.34,-0.34,-0.34,-0.34,-0.34,-0.34,-0.34,-0.34,-0.34,-0.34,-0.34,-0.34,-0.34,-0.34,-0.34,-0.34,-0.34,-0.34,-0.34,-0.34,-0.34,-0.34,-0.34,-0.34,-0.34,-0.34,-0.34
2012,7,0.55,0.55,0.55,0.55,0.55,0.55,0.55,0.55,0.55,0.55,0.55,0.55,0.55,0.55,0.55,0.55,0.55,0.55,0.55,0.55,0.55,0.55,0.55,0.55,0.55,0.55,0.55,0.55,0.55,0.55,0.55,0.55,0.55,0.55,0.55,0.55,0.55,0.55,0.55,0.55,0.55,0.55,0.55,0.55,0.55,0.55,0.55,0.55,0.55,0.55,0.55,0.55,0.55,0.55,0.55,0.55,0.55,0.55,0.55,0.55,0.55,0.55,0.55,0.55,0.55
2012,8,-0.43,-0.43,-0.43,-0.43,-0.43,-0.43,-0.43,-0.43,-0.43,-0.43,-0.43,-0.43,-0.43,-0.43,-0.43,-0.43,-0.43,-0.43,-0.43,-0.43,-0.43,-0.43,-0.43,-0.43,-0.43,-0.43,-0.43,-0.43,-0.43,-0.43,-0.43,-0.43,-0.43,-0.43,-0.43,-0.43,-0.43,-0.43,-0.43,-0.43,-0.43,-0.43,-0.43,-0.43,-0.43,-0.43,-0.43,-0.43,-0.43,-0.43,-0.43,-0.43,-0.43,-0.43,-0.43,-0.43,-0.43,-0.43,-0.43,-0.43,-0.43,-0.43,-0.43,-0.43,-0.43
2012,9,1.78,1.78,1.78,1.78,1.78,1.78,1.78,1.78,1.78,1.78,1.78,1.78,1.78,1.78,1.78,1.78,1.78,1.78,1.78,1.78,1.78,1.78,1.78,1.78,1.78,1.78,1.78,1.78,1.78,1.78,1.78,1.78,1.78,1.78,1.78,1.78,1.78,1.78,1.78,1.78,1.78,1.78,1.78,1.78,1.78,1.78,1.78,1.78,1.78,1.78,1.78,1.78,1.78,1.78,1.78,1.78,1.78,1.78,1.78,1.78,1.78,1.78,1.78,1.78,1.78
2012,10,-0.42,-0.42,-0.42,-0.42,-0.42,-0.42,-0.42,-0.42,-0.42,-0.42,-0.42,-0.42,-0.42,-0.42,-0.42,-0.42,-0.42,-0.42,-0.42,-0.42,-0.42,-0.42,-0.42,-0.42,-0.42,-0.42,-0.42,-0.42,-0.42,-0.42,-0.42,-0.42,-0.42,-0.42,-0.42,-0.42,-0.42,-0.42,-0.42,-0.42,-0.42,-0.42,-0.42,-0.42,-0.42,-0.42,-0.42,-0.42,-0.42,-0.42,-0.42,-0.42,-0.42,-0.42,-0.42,-0.42,-0.42,-0.42,-0.42,-0.42,-0.42,-0.42,-0.42,-0.42,-0.42
2012,11,0.31,0.31,0.31,0.31,0.31,0.31,0.31,0.31,0.31,0.31,0.31,0.31,0.31,0.31,0.31,0.31,0.31,0.31,0.31,0.31,0.31,0.31,0.31,0.31,0.31,0.31,0.31,0.31,0.31,0.31,0.31,0.31,0.31,0.31,0.31,0.31,0.31,0.31,0.31,0.31,0.31,0.31,0.31,0.31,0.31,0.31,0.31,0.31,0.31,0.31,0.31,0.31,0.31,0.31,0.31,0.31,0.31,0.31,0.31,0.31,0.31,0.31,0.31,0.31,0.31
2012,12,0.76,0.76,0.76,0.76,0.76,0.76,0.76,0.76,0.76,0.76,0.76,0.76,0.76,0.76,0.76,0.76,0.76,0.76,0.76,0.76,0.76,0.76,0.76,0.76,0.76,0.76,0.76,0.76,0.76,0.76,0.76,0.76,0.76,0.76,0.76,0.76,0.76,0.76,0.76,0.76,0.76,0.76,0.76,0.76,0.76,0.76,0.76,0.76,0.76,0.76,0.76,0.76,0.76,0.76,0.76,0.76,0.76,0.76,0.76,0.76,0.76,0.76,0.76,0.76,0.76
2013,1,-0.04,-0.04,-0.04,-0.04,-0.04,-0.04,-0.04,-0.04,-0.04,-0.04,-0.04,-0.04,-0.04,-0.04,-0.04,-0.04,-0.04,-0.04,-0.04,-0.04,-0.04,-0.04,-0.04,-0.04,-0.04,-0.04,-0.04,-0.04,-0.04,-0.04,-0.04,-0.04,-0.04,-0.04,-0.04,-0.04,-0.04,-0.04,-0.04,-0.04,-0.04,-0.04,-0.04,-0.04,-0.04,-0.04,-0.04,-0.04,-0.04,-0.04,-0.04,-0.04,-0.04,-0.04,-0.04,-0.04,-0.04,-0.04,-0.04,-0.04,-0.04,-0.04,-0.04,-0.04,-0.04
2013,2,1,1,1,1,1,1,1,1,1,1,1,1,1,1,1,1,1,1,1,1,1,1,1,1,1,1,1,1,1,1,1,1,1,1,1,1,1,1,1,1,1,1,1,1,1,1,1,1,1,1,1,1,1,1,1,1,1,1,1,1,1,1,1,1,1
2013,3,-1.66,-1.66,-1.66,-1.66,-1.66,-1.66,-1.66,-1.66,-1.66,-1.66,-1.66,-1.66,-1.66,-1.66,-1.66,-1.66,-1.66,-1.66,-1.66,-1.66,-1.66,-1.66,-1.66,-1.66,-1.66,-1.66,-1.66,-1.66,-1.66,-1.66,-1.66,-1.66,-1.66,-1.66,-1.66,-1.66,-1.66,-1.66,-1.66,-1.66,-1.66,-1.66,-1.66,-1.66,-1.66,-1.66,-1.66,-1.66,-1.66,-1.66,-1.66,-1.66,-1.66,-1.66,-1.66,-1.66,-1.66,-1.66,-1.66,-1.66,-1.66,-1.66,-1.66,-1.66,-1.66
2013,4,0.4,0.4,0.4,0.4,0.4,0.4,0.4,0.4,0.4,0.4,0.4,0.4,0.4,0.4,0.4,0.4,0.4,0.4,0.4,0.4,0.4,0.4,0.4,0.4,0.4,0.4,0.4,0.4,0.4,0.4,0.4,0.4,0.4,0.4,0.4,0.4,0.4,0.4,0.4,0.4,0.4,0.4,0.4,0.4,0.4,0.4,0.4,0.4,0.4,0.4,0.4,0.4,0.4,0.4,0.4,0.4,0.4,0.4,0.4,0.4,0.4,0.4,0.4,0.4,0.4
2013,5,0.23,0.23,0.23,0.23,0.23,0.23,0.23,0.23,0.23,0.23,0.23,0.23,0.23,0.23,0.23,0.23,0.23,0.23,0.23,0.23,0.23,0.23,0.23,0.23,0.23,0.23,0.23,0.23,0.23,0.23,0.23,0.23,0.23,0.23,0.23,0.23,0.23,0.23,0.23,0.23,0.23,0.23,0.23,0.23,0.23,0.23,0.23,0.23,0.23,0.23,0.23,0.23,0.23,0.23,0.23,0.23,0.23,0.23,0.23,0.22,0.22,0.22,0.22,0.22,0.22
2013,6,-0.03,-0.03,-0.03,-0.03,-0.03,-0.03,-0.03,-0.03,-0.03,-0.03,-0.03,-0.03,-0.03,-0.03,-0.03,-0.03,-0.03,-0.03,-0.03,-0.03,-0.03,-0.03,-0.03,-0.03,-0.03,-0.03,-0.03,-0.03,-0.03,-0.03,-0.03,-0.03,-0.03,-0.03,-0.03,-0.03,-0.03,-0.03,-0.03,-0.03,-0.03,-0.03,-0.03,-0.03,-0.03,-0.03,-0.03,-0.03,-0.03,-0.03,-0.03,-0.03,-0.03,-0.03,-0.03,-0.03,-0.03,-0.03,-0.03,-0.02,-0.02,-0.02,-0.02,-0.02,-0.02
2013,7,-0.23,-0.23,-0.23,-0.23,-0.23,-0.23,-0.23,-0.23,-0.23,-0.23,-0.23,-0.23,-0.23,-0.23,-0.23,-0.23,-0.23,-0.23,-0.23,-0.23,-0.23,-0.23,-0.23,-0.23,-0.23,-0.23,-0.23,-0.23,-0.23,-0.23,-0.23,-0.23,-0.23,-0.23,-0.23,-0.23,-0.23,-0.23,-0.23,-0.23,-0.23,-0.23,-0.23,-0.23,-0.23,-0.23,-0.23,-0.23,-0.23,-0.23,-0.23,-0.23,-0.23,-0.23,-0.23,-0.23,-0.23,-0.23,-0.23,-0.23,-0.23,-0.23,-0.23,-0.23,-0.23
2013,8,0.44,0.44,0.44,0.44,0.44,0.44,0.44,0.44,0.44,0.44,0.44,0.44,0.44,0.44,0.44,0.44,0.44,0.44,0.44,0.44,0.44,0.44,0.44,0.44,0.44,0.44,0.44,0.44,0.44,0.44,0.44,0.44,0.44,0.44,0.44,0.44,0.44,0.44,0.44,0.44,0.44,0.44,0.44,0.44,0.44,0.44,0.44,0.44,0.44,0.44,0.44,0.44,0.44,0.44,0.44,0.44,0.44,0.44,0.44,0.44,0.44,0.44,0.44,0.44,0.44
2013,9,0.86,0.86,0.86,0.86,0.86,0.86,0.86,0.86,0.86,0.86,0.86,0.86,0.86,0.86,0.86,0.86,0.86,0.86,0.86,0.86,0.86,0.86,0.86,0.86,0.86,0.86,0.86,0.86,0.86,0.86,0.86,0.86,0.86,0.86,0.86,0.86,0.86,0.86,0.86,0.86,0.86,0.86,0.86,0.86,0.86,0.86,0.86,0.86,0.86,0.86,0.86,0.86,0.86,0.86,0.86,0.86,0.86,0.86,0.86,0.85,0.85,0.85,0.85,0.85,0.85
2013,10,0.61,0.61,0.61,0.61,0.61,0.61,0.61,0.61,0.61,0.61,0.61,0.61,0.61,0.61,0.61,0.61,0.61,0.61,0.61,0.61,0.61,0.61,0.61,0.61,0.61,0.61,0.61,0.61,0.61,0.61,0.61,0.61,0.61,0.61,0.61,0.61,0.61,0.61,0.61,0.61,0.61,0.61,0.61,0.61,0.61,0.61,0.61,0.61,0.61,0.61,0.61,0.61,0.61,0.61,0.61,0.61,0.61,0.61,0.61,0.61,0.61,0.61,0.61,0.61,0.61
2013,11,0.82,0.82,0.82,0.82,0.82,0.82,0.82,0.82,0.82,0.82,0.82,0.82,0.82,0.82,0.82,0.82,0.82,0.82,0.82,0.82,0.82,0.82,0.82,0.82,0.82,0.82,0.82,0.82,0.82,0.82,0.82,0.82,0.82,0.82,0.82,0.82,0.82,0.82,0.82,0.82,0.82,0.82,0.82,0.82,0.82,0.82,0.82,0.82,0.82,0.82,0.82,0.82,0.82,0.82,0.82,0.82,0.82,0.82,0.82,0.82,0.82,0.82,0.82,0.82,0.82
2013,12,-0.13,-0.13,-0.13,-0.13,-0.13,-0.13,-0.13,-0.13,-0.13,-0.13,-0.13,-0.13,-0.13,-0.13,-0.13,-0.13,-0.13,-0.13,-0.13,-0.13,-0.13,-0.13,-0.13,-0.13,-0.13,-0.13,-0.13,-0.13,-0.13,-0.13,-0.13,-0.13,-0.13,-0.13,-0.13,-0.13,-0.13,-0.13,-0.13,-0.13,-0.13,-0.13,-0.13,-0.13,-0.13,-0.13,-0.13,-0.13,-0.13,-0.13,-0.13,-0.13,-0.13,-0.13,-0.13,-0.13,-0.13,-0.13,-0.13,-0.13,-0.13,-0.13,-0.13,-0.13,-0.13
2014,1,-0.61,-0.61,-0.61,-0.61,-0.61,-0.61,-0.61,-0.61,-0.61,-0.61,-0.61,-0.61,-0.61,-0.61,-0.61,-0.61,-0.61,-0.61,-0.61,-0.61,-0.61,-0.61,-0.61,-0.61,-0.61,-0.61,-0.61,-0.61,-0.61,-0.61,-0.61,-0.61,-0.61,-0.61,-0.61,-0.61,-0.61,-0.61,-0.61,-0.61,-0.61,-0.61,-0.61,-0.61,-0.61,-0.61,-0.61,-0.61,-0.61,-0.61,-0.61,-0.61,-0.61,-0.61,-0.61,-0.61,-0.61,-0.61,-0.61,-0.62,-0.62,-0.62,-0.62,-0.62,-0.62
2014,2,0.75,0.75,0.75,0.75,0.75,0.75,0.75,0.75,0.75,0.75,0.75,0.75,0.75,0.75,0.75,0.75,0.75,0.75,0.75,0.75,0.75,0.75,0.75,0.75,0.75,0.75,0.75,0.75,0.75,0.75,0.75,0.75,0.75,0.75,0.75,0.75,0.75,0.75,0.75,0.75,0.75,0.75,0.75,0.75,0.75,0.75,0.75,0.75,0.75,0.75,0.75,0.75,0.75,0.75,0.75,0.75,0.75,0.75,0.75,0.75,0.75,0.75,0.75,0.75,0.75
2014,3,0.87,0.87,0.87,0.87,0.87,0.87,0.87,0.87,0.87,0.87,0.87,0.87,0.87,0.87,0.87,0.87,0.87,0.87,0.87,0.87,0.87,0.87,0.87,0.87,0.87,0.87,0.87,0.87,0.87,0.87,0.87,0.87,0.87,0.87,0.87,0.87,0.87,0.87,0.87,0.87,0.87,0.87,0.87,0.87,0.87,0.87,0.87,0.87,0.87,0.87,0.87,0.87,0.87,0.87,0.87,0.87,0.87,0.87,0.87,0.87,0.87,0.87,0.87,0.87,0.87
2014,4,0.45,0.45,0.45,0.45,0.45,0.45,0.45,0.45,0.45,0.45,0.45,0.45,0.45,0.45,0.45,0.45,0.45,0.45,0.45,0.45,0.45,0.45,0.45,0.45,0.45,0.45,0.45,0.45,0.45,0.45,0.45,0.45,0.45,0.45,0.45,0.45,0.45,0.45,0.45,0.45,0.45,0.45,0.45,0.45,0.45,0.45,0.45,0.45,0.45,0.45,0.45,0.45,0.45,0.45,0.45,0.45,0.45,0.45,0.45,0.45,0.45,0.45,0.45,0.45,0.45
2014,5,-0.06,-0.06,-0.06,-0.06,-0.06,-0.06,-0.06,-0.06,-0.06,-0.06,-0.06,-0.06,-0.06,-0.06,-0.06,-0.06,-0.06,-0.06,-0.06,-0.06,-0.06,-0.06,-0.06,-0.06,-0.06,-0.06,-0.06,-0.06,-0.06,-0.06,-0.06,-0.06,-0.06,-0.06,-0.06,-0.06,-0.06,-0.06,-0.06,-0.06,-0.06,-0.06,-0.06,-0.06,-0.06,-0.06,-0.06,-0.06,-0.06,-0.06,-0.06,-0.06,-0.06,-0.06,-0.06,-0.06,-0.06,-0.06,-0.06,-0.06,-0.06,-0.06,-0.06,-0.06,-0.06
2014,6,-0.21,-0.21,-0.21,-0.21,-0.21,-0.21,-0.21,-0.21,-0.21,-0.21,-0.21,-0.21,-0.21,-0.21,-0.21,-0.21,-0.21,-0.21,-0.21,-0.21,-0.21,-0.21,-0.21,-0.21,-0.21,-0.21,-0.21,-0.21,-0.21,-0.21,-0.21,-0.21,-0.21,-0.21,-0.21,-0.21,-0.21,-0.21,-0.21,-0.21,-0.21,-0.21,-0.21,-0.21,-0.21,-0.21,-0.21,-0.21,-0.21,-0.21,-0.21,-0.21,-0.21,-0.21,-0.21,-0.21,-0.21,-0.21,-0.21,-0.22,-0.22,-0.22,-0.22,-0.22,-0.22
2014,7,2.08,2.08,2.08,2.08,2.08,2.08,2.08,2.08,2.08,2.08,2.08,2.08,2.08,2.08,2.08,2.08,2.08,2.08,2.08,2.08,2.08,2.08,2.08,2.08,2.08,2.08,2.08,2.08,2.08,2.08,2.08,2.08,2.08,2.08,2.08,2.08,2.08,2.08,2.08,2.08,2.08,2.08,2.08,2.08,2.08,2.08,2.08,2.08,2.08,2.08,2.08,2.08,2.08,2.08,2.08,2.08,2.08,2.08,2.08,2.08,2.08,2.08,2.08,2.08,2.08
2014,8,-1.59,-1.59,-1.59,-1.59,-1.59,-1.59,-1.59,-1.59,-1.59,-1.59,-1.59,-1.59,-1.59,-1.59,-1.59,-1.59,-1.59,-1.59,-1.59,-1.59,-1.59,-1.59,-1.59,-1.59,-1.59,-1.59,-1.59,-1.59,-1.59,-1.59,-1.59,-1.59,-1.59,-1.59,-1.59,-1.59,-1.59,-1.59,-1.59,-1.59,-1.59,-1.59,-1.59,-1.59,-1.59,-1.59,-1.59,-1.59,-1.59,-1.59,-1.59,-1.59,-1.59,-1.59,-1.59,-1.59,-1.59,-1.59,-1.59,-1.59,-1.59,-1.59,-1.59,-1.59,-1.59
2014,9,-0.2,-0.2,-0.2,-0.2,-0.2,-0.2,-0.2,-0.2,-0.2,-0.2,-0.2,-0.2,-0.2,-0.2,-0.2,-0.2,-0.2,-0.2,-0.2,-0.2,-0.2,-0.2,-0.2,-0.2,-0.2,-0.2,-0.2,-0.2,-0.2,-0.2,-0.2,-0.2,-0.2,-0.2,-0.2,-0.2,-0.2,-0.2,-0.2,-0.2,-0.2,-0.2,-0.2,-0.2,-0.2,-0.2,-0.2,-0.2,-0.2,-0.2,-0.2,-0.2,-0.2,-0.2,-0.2,-0.2,-0.2,-0.2,-0.2,-0.2,-0.2,-0.2,-0.2,-0.2,-0.2
2014,10,0.08,0.08,0.08,0.08,0.08,0.08,0.08,0.08,0.08,0.08,0.08,0.08,0.08,0.08,0.08,0.08,0.08,0.08,0.08,0.08,0.08,0.08,0.08,0.08,0.08,0.08,0.08,0.08,0.08,0.08,0.08,0.08,0.08,0.08,0.08,0.08,0.08,0.08,0.08,0.08,0.08,0.08,0.08,0.08,0.08,0.08,0.08,0.08,0.08,0.08,0.08,0.08,0.08,0.08,0.08,0.08,0.08,0.08,0.08,0.08,0.08,0.08,0.08,0.08,0.08
2014,11,-0.78,-0.78,-0.78,-0.78,-0.78,-0.78,-0.78,-0.78,-0.78,-0.78,-0.78,-0.78,-0.78,-0.78,-0.78,-0.78,-0.78,-0.78,-0.78,-0.78,-0.78,-0.78,-0.78,-0.78,-0.78,-0.78,-0.78,-0.78,-0.78,-0.78,-0.78,-0.78,-0.78,-0.78,-0.78,-0.78,-0.78,-0.78,-0.78,-0.78,-0.78,-0.78,-0.78,-0.78,-0.78,-0.78,-0.78,-0.78,-0.78,-0.78,-0.78,-0.78,-0.78,-0.78,-0.78,-0.78,-0.78,-0.78,-0.78,-0.78,-0.78,-0.78,-0.78,-0.78,-0.78
2014,12,-0.43,-0.43,-0.43,-0.43,-0.43,-0.43,-0.43,-0.43,-0.43,-0.43,-0.43,-0.43,-0.43,-0.43,-0.43,-0.43,-0.43,-0.43,-0.43,-0.43,-0.43,-0.43,-0.43,-0.43,-0.43,-0.43,-0.43,-0.43,-0.43,-0.43,-0.43,-0.43,-0.43,-0.43,-0.43,-0.43,-0.43,-0.43,-0.43,-0.43,-0.43,-0.43,-0.43,-0.43,-0.43,-0.43,-0.43,-0.43,-0.43,-0.43,-0.43,-0.43,-0.43,-0.43,-0.43,-0.43,-0.43,-0.43,-0.43,-0.43,-0.43,-0.43,-0.43,-0.43,-0.43
2015,1,-1.12,-1.12,-1.12,-1.12,-1.12,-1.12,-1.12,-1.12,-1.12,-1.12,-1.12,-1.12,-1.12,-1.12,-1.12,-1.12,-1.12,-1.12,-1.12,-1.12,-1.12,-1.12,-1.12,-1.12,-1.12,-1.12,-1.12,-1.12,-1.12,-1.12,-1.12,-1.12,-1.12,-1.12,-1.12,-1.12,-1.12,-1.12,-1.12,-1.12,-1.12,-1.12,-1.12,-1.12,-1.12,-1.12,-1.12,-1.12,-1.12,-1.12,-1.12,-1.12,-1.12,-1.12,-1.12,-1.12,-1.12,-1.12,-1.12,-1.12,-1.12,-1.12,-1.12,-1.12,-1.12
2015,2,-0.8,-0.8,-0.8,-0.8,-0.8,-0.8,-0.8,-0.8,-0.8,-0.8,-0.8,-0.8,-0.8,-0.8,-0.8,-0.8,-0.8,-0.8,-0.8,-0.8,-0.8,-0.8,-0.8,-0.8,-0.8,-0.8,-0.8,-0.8,-0.8,-0.8,-0.8,-0.8,-0.8,-0.8,-0.8,-0.8,-0.8,-0.8,-0.8,-0.8,-0.8,-0.8,-0.8,-0.8,-0.8,-0.8,-0.8,-0.8,-0.8,-0.8,-0.8,-0.8,-0.8,-0.8,-0.8,-0.8,-0.8,-0.8,-0.8,-0.79,-0.79,-0.79,-0.79,-0.79,-0.79
2015,3,0.87,0.87,0.87,0.87,0.87,0.87,0.87,0.87,0.87,0.87,0.87,0.87,0.87,0.87,0.87,0.87,0.87,0.87,0.87,0.87,0.87,0.87,0.87,0.87,0.87,0.87,0.87,0.87,0.87,0.87,0.87,0.87,0.87,0.87,0.87,0.87,0.87,0.87,0.87,0.87,0.87,0.87,0.87,0.87,0.87,0.87,0.87,0.87,0.87,0.87,0.87,0.87,0.87,0.87,0.87,0.87,0.87,0.87,0.87,0.87,0.87,0.87,0.87,0.87,0.87
2015,4,0.49,0.49,0.49,0.49,0.49,0.49,0.49,0.49,0.49,0.49,0.49,0.49,0.49,0.49,0.49,0.49,0.49,0.49,0.49,0.49,0.49,0.49,0.49,0.49,0.49,0.49,0.49,0.49,0.49,0.49,0.49,0.49,0.49,0.49,0.49,0.49,0.49,0.49,0.49,0.49,0.49,0.49,0.49,0.49,0.49,0.49,0.49,0.49,0.49,0.49,0.49,0.49,0.49,0.49,0.49,0.49,0.49,0.49,0.49,0.49,0.49,0.49,0.49,0.49,0.49
2015,5,-0.16,-0.16,-0.16,-0.16,-0.16,-0.16,-0.16,-0.16,-0.16,-0.16,-0.16,-0.16,-0.16,-0.16,-0.16,-0.16,-0.16,-0.16,-0.16,-0.16,-0.16,-0.16,-0.16,-0.16,-0.16,-0.16,-0.16,-0.16,-0.16,-0.16,-0.16,-0.16,-0.16,-0.16,-0.16,-0.16,-0.16,-0.16,-0.16,-0.16,-0.16,-0.16,-0.16,-0.16,-0.16,-0.16,-0.16,-0.16,-0.16,-0.16,-0.16,-0.16,-0.16,-0.16,-0.16,-0.16,-0.16,-0.16,-0.16,-0.16,-0.16,-0.16,-0.16,-0.16,-0.16
2015,6,1.2,1.2,1.2,1.2,1.2,1.2,1.2,1.2,1.2,1.2,1.2,1.2,1.2,1.2,1.2,1.2,1.2,1.2,1.2,1.2,1.2,1.2,1.2,1.2,1.2,1.2,1.2,1.2,1.2,1.2,1.2,1.2,1.2,1.2,1.2,1.2,1.2,1.2,1.2,1.2,1.2,1.2,1.2,1.2,1.2,1.2,1.2,1.2,1.2,1.2,1.2,1.2,1.2,1.2,1.2,1.2,1.2,1.2,1.2,1.2,1.2,1.2,1.2,1.2,1.2
2015,7,-0.95,-0.95,-0.95,-0.95,-0.95,-0.95,-0.95,-0.95,-0.95,-0.95,-0.95,-0.95,-0.95,-0.95,-0.95,-0.95,-0.95,-0.95,-0.95,-0.95,-0.95,-0.95,-0.95,-0.95,-0.95,-0.95,-0.95,-0.95,-0.95,-0.95,-0.95,-0.95,-0.95,-0.95,-0.95,-0.95,-0.95,-0.95,-0.95,-0.95,-0.95,-0.95,-0.95,-0.95,-0.95,-0.95,-0.95,-0.95,-0.95,-0.95,-0.95,-0.95,-0.95,-0.95,-0.95,-0.95,-0.95,-0.95,-0.95,-0.95,-0.95,-0.95,-0.95,-0.95,-0.95
2015,8,-0.4,-0.4,-0.4,-0.4,-0.4,-0.4,-0.4,-0.4,-0.4,-0.4,-0.4,-0.4,-0.4,-0.4,-0.4,-0.4,-0.4,-0.4,-0.4,-0.4,-0.4,-0.4,-0.4,-0.4,-0.4,-0.4,-0.4,-0.4,-0.4,-0.4,-0.4,-0.4,-0.4,-0.4,-0.4,-0.4,-0.4,-0.4,-0.4,-0.4,-0.4,-0.4,-0.4,-0.4,-0.4,-0.4,-0.4,-0.4,-0.4,-0.4,-0.4,-0.4,-0.4,-0.4,-0.4,-0.4,-0.4,-0.4,-0.4,-0.39,-0.39,-0.39,-0.39,-0.39,-0.39
2015,9,-0.31,-0.31,-0.31,-0.31,-0.31,-0.31,-0.31,-0.31,-0.31,-0.31,-0.31,-0.31,-0.31,-0.31,-0.31,-0.31,-0.31,-0.31,-0.31,-0.31,-0.31,-0.31,-0.31,-0.31,-0.31,-0.31,-0.31,-0.31,-0.31,-0.31,-0.31,-0.31,-0.31,-0.31,-0.31,-0.31,-0.31,-0.31,-0.31,-0.31,-0.31,-0.31,-0.31,-0.31,-0.31,-0.31,-0.31,-0.31,-0.31,-0.31,-0.31,-0.31,-0.31,-0.31,-0.31,-0.31,-0.31,-0.31,-0.31,-0.32,-0.32,-0.32,-0.32,-0.32,-0.32
2015,10,-0.39,-0.39,-0.39,-0.39,-0.39,-0.39,-0.39,-0.39,-0.39,-0.39,-0.39,-0.39,-0.39,-0.39,-0.39,-0.39,-0.39,-0.39,-0.39,-0.39,-0.39,-0.39,-0.39,-0.39,-0.39,-0.39,-0.39,-0.39,-0.39,-0.39,-0.39,-0.39,-0.39,-0.39,-0.39,-0.39,-0.39,-0.39,-0.39,-0.39,-0.39,-0.39,-0.39,-0.39,-0.39,-0.39,-0.39,-0.39,-0.39,-0.39,-0.39,-0.39,-0.39,-0.39,-0.39,-0.39,-0.39,-0.39,-0.39,-0.38,-0.38,-0.38,-0.38,-0.38,-0.38
2015,11,-0.45,-0.45,-0.45,-0.45,-0.45,-0.45,-0.45,-0.45,-0.45,-0.45,-0.45,-0.45,-0.45,-0.45,-0.45,-0.45,-0.45,-0.45,-0.45,-0.45,-0.45,-0.45,-0.45,-0.45,-0.45,-0.45,-0.45,-0.45,-0.45,-0.45,-0.45,-0.45,-0.45,-0.45,-0.45,-0.45,-0.45,-0.45,-0.45,-0.45,-0.45,-0.45,-0.45,-0.45,-0.45,-0.45,-0.45,-0.45,-0.45,-0.45,-0.45,-0.45,-0.45,-0.45,-0.45,-0.45,-0.45,-0.45,-0.45,-0.45,-0.45,-0.45,-0.45,-0.45,-0.45
2015,12,-0.64,-0.64,-0.64,-0.64,-0.64,-0.64,-0.64,-0.64,-0.64,-0.64,-0.64,-0.64,-0.64,-0.64,-0.64,-0.64,-0.64,-0.64,-0.64,-0.64,-0.64,-0.64,-0.64,-0.64,-0.64,-0.64,-0.64,-0.64,-0.64,-0.64,-0.64,-0.64,-0.64,-0.64,-0.64,-0.64,-0.64,-0.64,-0.64,-0.64,-0.64,-0.64,-0.64,-0.64,-0.64,-0.64,-0.64,-0.64,-0.64,-0.64,-0.64,-0.64,-0.64,-0.64,-0.64,-0.64,-0.64,-0.64,-0.64,-0.63,-0.63,-0.63,-0.63,-0.63,-0.63
2016,1,-0.67,-0.67,-0.67,-0.67,-0.67,-0.67,-0.67,-0.67,-0.67,-0.67,-0.67,-0.67,-0.67,-0.67,-0.67,-0.67,-0.67,-0.67,-0.67,-0.67,-0.67,-0.67,-0.67,-0.67,-0.67,-0.67,-0.67,-0.67,-0.67,-0.67,-0.67,-0.67,-0.67,-0.67,-0.67,-0.67,-0.67,-0.67,-0.67,-0.67,-0.67,-0.67,-0.67,-0.67,-0.67,-0.67,-0.67,-0.67,-0.67,-0.67,-0.67,-0.67,-0.67,-0.67,-0.67,-0.67,-0.67,-0.67,-0.67,-0.68,-0.68,-0.68,-0.68,-0.68,-0.68
2016,2,-0.07,-0.07,-0.07,-0.07,-0.07,-0.07,-0.07,-0.07,-0.07,-0.07,-0.07,-0.07,-0.07,-0.07,-0.07,-0.07,-0.07,-0.07,-0.07,-0.07,-0.07,-0.07,-0.07,-0.07,-0.07,-0.07,-0.07,-0.07,-0.07,-0.07,-0.07,-0.07,-0.07,-0.07,-0.07,-0.07,-0.07,-0.07,-0.07,-0.07,-0.07,-0.07,-0.07,-0.07,-0.07,-0.07,-0.07,-0.07,-0.07,-0.07,-0.07,-0.07,-0.07,-0.07,-0.07,-0.07,-0.07,-0.07,-0.07,-0.07,-0.07,-0.07,-0.07,-0.07,-0.07
2016,3,-0.48,-0.48,-0.48,-0.48,-0.48,-0.48,-0.48,-0.48,-0.48,-0.48,-0.48,-0.48,-0.48,-0.48,-0.48,-0.48,-0.48,-0.48,-0.48,-0.48,-0.48,-0.48,-0.48,-0.48,-0.48,-0.48,-0.48,-0.48,-0.48,-0.48,-0.48,-0.48,-0.48,-0.48,-0.48,-0.48,-0.48,-0.48,-0.48,-0.48,-0.48,-0.48,-0.48,-0.48,-0.48,-0.48,-0.48,-0.48,-0.48,-0.48,-0.48,-0.48,-0.48,-0.48,-0.48,-0.48,-0.48,-0.48,-0.48,-0.48,-0.48,-0.48,-0.48,-0.48,-0.48
2016,4,0.71,0.71,0.71,0.71,0.71,0.71,0.71,0.71,0.71,0.71,0.71,0.71,0.71,0.71,0.71,0.71,0.71,0.71,0.71,0.71,0.71,0.71,0.71,0.71,0.71,0.71,0.71,0.71,0.71,0.71,0.71,0.71,0.71,0.71,0.71,0.71,0.71,0.71,0.71,0.71,0.71,0.71,0.71,0.71,0.71,0.71,0.71,0.71,0.71,0.71,0.71,0.71,0.71,0.71,0.71,0.71,0.71,0.71,0.71,0.71,0.71,0.71,0.71,0.71,0.71
2016,5,-0.05,-0.05,-0.05,-0.05,-0.05,-0.05,-0.05,-0.05,-0.05,-0.05,-0.05,-0.05,-0.05,-0.05,-0.05,-0.05,-0.05,-0.05,-0.05,-0.05,-0.05,-0.05,-0.05,-0.05,-0.05,-0.05,-0.05,-0.05,-0.05,-0.05,-0.05,-0.05,-0.05,-0.05,-0.05,-0.05,-0.05,-0.05,-0.05,-0.05,-0.05,-0.05,-0.05,-0.05,-0.05,-0.05,-0.05,-0.05,-0.05,-0.05,-0.05,-0.05,-0.05,-0.05,-0.05,-0.05,-0.05,-0.05,-0.05,-0.05,-0.05,-0.05,-0.05,-0.05,-0.05
2016,6,0.02,0.02,0.02,0.02,0.02,0.02,0.02,0.02,0.02,0.02,0.02,0.02,0.02,0.02,0.02,0.02,0.02,0.02,0.02,0.02,0.02,0.02,0.02,0.02,0.02,0.02,0.02,0.02,0.02,0.02,0.02,0.02,0.02,0.02,0.02,0.02,0.02,0.02,0.02,0.02,0.02,0.02,0.02,0.02,0.02,0.02,0.02,0.02,0.02,0.02,0.02,0.02,0.02,0.02,0.02,0.02,0.02,0.02,0.02,0.02,0.02,0.02,0.02,0.02,0.02
2016,7,-0.1,-0.1,-0.1,-0.1,-0.1,-0.1,-0.1,-0.1,-0.1,-0.1,-0.1,-0.1,-0.1,-0.1,-0.1,-0.1,-0.1,-0.1,-0.1,-0.1,-0.1,-0.1,-0.1,-0.1,-0.1,-0.1,-0.1,-0.1,-0.1,-0.1,-0.1,-0.1,-0.1,-0.1,-0.1,-0.1,-0.1,-0.1,-0.1,-0.1,-0.1,-0.1,-0.1,-0.1,-0.1,-0.1,-0.1,-0.1,-0.1,-0.1,-0.1,-0.1,-0.1,-0.1,-0.1,-0.1,-0.1,-0.1,-0.1,-0.1,-0.1,-0.1,-0.1,-0.1,-0.1
2016,8,-0.01,-0.01,-0.01,-0.01,-0.01,-0.01,-0.01,-0.01,-0.01,-0.01,-0.01,-0.01,-0.01,-0.01,-0.01,-0.01,-0.01,-0.01,-0.01,-0.01,-0.01,-0.01,-0.01,-0.01,-0.01,-0.01,-0.01,-0.01,-0.01,-0.01,-0.01,-0.01,-0.01,-0.01,-0.01,-0.01,-0.01,-0.01,-0.01,-0.01,-0.01,-0.01,-0.01,-0.01,-0.01,-0.01,-0.01,-0.01,-0.01,-0.01,-0.01,-0.01,-0.01,-0.01,-0.01,-0.01,-0.01,-0.01,-0.01,-0.02,-0.02,-0.02,-0.02,-0.02,-0.02
2016,9,-0.05,-0.05,-0.05,-0.05,-0.05,-0.05,-0.05,-0.05,-0.05,-0.05,-0.05,-0.05,-0.05,-0.05,-0.05,-0.05,-0.05,-0.05,-0.05,-0.05,-0.05,-0.05,-0.05,-0.05,-0.05,-0.05,-0.05,-0.05,-0.05,-0.05,-0.05,-0.05,-0.05,-0.05,-0.05,-0.05,-0.05,-0.05,-0.05,-0.05,-0.05,-0.05,-0.05,-0.05,-0.05,-0.05,-0.05,-0.05,-0.05,-0.05,-0.05,-0.05,-0.05,-0.05,-0.05,-0.05,-0.05,-0.05,-0.05,-0.04,-0.04,-0.04,-0.04,-0.04,-0.04
2016,10,0.57,0.57,0.57,0.57,0.57,0.57,0.57,0.57,0.57,0.57,0.57,0.57,0.57,0.57,0.57,0.57,0.57,0.57,0.57,0.57,0.57,0.57,0.57,0.57,0.57,0.57,0.57,0.57,0.57,0.57,0.57,0.57,0.57,0.57,0.57,0.57,0.57,0.57,0.57,0.57,0.57,0.57,0.57,0.57,0.57,0.57,0.57,0.57,0.57,0.57,0.57,0.57,0.57,0.57,0.57,0.57,0.57,0.57,0.57,0.58,0.58,0.58,0.58,0.58,0.58
2016,11,-0.4,-0.4,-0.4,-0.4,-0.4,-0.4,-0.4,-0.4,-0.4,-0.4,-0.4,-0.4,-0.4,-0.4,-0.4,-0.4,-0.4,-0.4,-0.4,-0.4,-0.4,-0.4,-0.4,-0.4,-0.4,-0.4,-0.4,-0.4,-0.4,-0.4,-0.4,-0.4,-0.4,-0.4,-0.4,-0.4,-0.4,-0.4,-0.4,-0.4,-0.4,-0.4,-0.4,-0.4,-0.4,-0.4,-0.4,-0.4,-0.4,-0.4,-0.4,-0.4,-0.4,-0.4,-0.4,-0.4,-0.4,-0.4,-0.4,-0.4,-0.4,-0.4,-0.4,-0.4,-0.4
2016,12,0.82,0.82,0.82,0.82,0.82,0.82,0.82,0.82,0.82,0.82,0.82,0.82,0.82,0.82,0.82,0.82,0.82,0.82,0.82,0.82,0.82,0.82,0.82,0.82,0.82,0.82,0.82,0.82,0.82,0.82,0.82,0.82,0.82,0.82,0.82,0.82,0.82,0.82,0.82,0.82,0.82,0.82,0.82,0.82,0.82,0.82,0.82,0.82,0.82,0.82,0.82,0.82,0.82,0.82,0.82,0.82,0.82,0.82,0.82,0.81,0.81,0.81,0.81,0.81,0.81
2017,1,0.31,0.31,0.31,0.31,0.31,0.31,0.31,0.31,0.31,0.31,0.31,0.31,0.31,0.31,0.31,0.31,0.31,0.31,0.31,0.31,0.31,0.31,0.31,0.31,0.31,0.31,0.31,0.31,0.31,0.31,0.31,0.31,0.31,0.31,0.31,0.31,0.31,0.31,0.31,0.31,0.31,0.31,0.31,0.31,0.31,0.31,0.31,0.31,0.31,0.31,0.31,0.31,0.31,0.31,0.31,0.31,0.31,0.31,0.31,0.3,0.3,0.3,0.3,0.3,0.3
2017,2,0.12,0.12,0.12,0.12,0.12,0.12,0.12,0.12,0.12,0.12,0.12,0.12,0.12,0.12,0.12,0.12,0.12,0.12,0.12,0.12,0.12,0.12,0.12,0.12,0.12,0.12,0.12,0.12,0.12,0.12,0.12,0.12,0.12,0.12,0.12,0.12,0.12,0.12,0.12,0.12,0.12,0.12,0.12,0.12,0.12,0.12,0.12,0.12,0.12,0.12,0.12,0.12,0.12,0.12,0.12,0.12,0.12,0.12,0.12,0.12,0.12,0.12,0.12,0.12,0.12
2017,3,-0.19,-0.19,-0.19,-0.19,-0.19,-0.19,-0.19,-0.19,-0.19,-0.19,-0.19,-0.19,-0.19,-0.19,-0.19,-0.19,-0.19,-0.19,-0.19,-0.19,-0.19,-0.19,-0.19,-0.19,-0.19,-0.19,-0.19,-0.19,-0.19,-0.19,-0.19,-0.19,-0.19,-0.19,-0.19,-0.19,-0.19,-0.19,-0.19,-0.19,-0.19,-0.19,-0.19,-0.19,-0.19,-0.19,-0.19,-0.19,-0.19,-0.19,-0.19,-0.19,-0.19,-0.19,-0.19,-0.19,-0.19,-0.19,-0.19,-0.19,-0.19,-0.19,-0.19,-0.19,-0.19
2017,4,-0.33,-0.33,-0.33,-0.33,-0.33,-0.33,-0.33,-0.33,-0.33,-0.33,-0.33,-0.33,-0.33,-0.33,-0.33,-0.33,-0.33,-0.33,-0.33,-0.33,-0.33,-0.33,-0.33,-0.33,-0.33,-0.33,-0.33,-0.33,-0.33,-0.33,-0.33,-0.33,-0.33,-0.33,-0.33,-0.33,-0.33,-0.33,-0.33,-0.33,-0.33,-0.33,-0.33,-0.33,-0.33,-0.33,-0.33,-0.33,-0.33,-0.33,-0.33,-0.33,-0.33,-0.33,-0.33,-0.33,-0.33,-0.33,-0.33,-0.33,-0.33,-0.33,-0.33,-0.33,-0.33
2017,5,-0.23,-0.23,-0.23,-0.23,-0.23,-0.23,-0.23,-0.23,-0.23,-0.23,-0.23,-0.23,-0.23,-0.23,-0.23,-0.23,-0.23,-0.23,-0.23,-0.23,-0.23,-0.23,-0.23,-0.23,-0.23,-0.23,-0.23,-0.23,-0.23,-0.23,-0.23,-0.23,-0.23,-0.23,-0.23,-0.23,-0.23,-0.23,-0.23,-0.23,-0.23,-0.23,-0.23,-0.23,-0.23,-0.23,-0.23,-0.23,-0.23,-0.23,-0.23,-0.23,-0.23,-0.23,-0.23,-0.23,-0.23,-0.23,-0.23,-0.22,-0.22,-0.22,-0.22,-0.22,-0.22
2017,6,1.02,1.02,1.02,1.02,1.02,1.02,1.02,1.02,1.02,1.02,1.02,1.02,1.02,1.02,1.02,1.02,1.02,1.02,1.02,1.02,1.02,1.02,1.02,1.02,1.02,1.02,1.02,1.02,1.02,1.02,1.02,1.02,1.02,1.02,1.02,1.02,1.02,1.02,1.02,1.02,1.02,1.02,1.02,1.02,1.02,1.02,1.02,1.02,1.02,1.02,1.02,1.02,1.02,1.02,1.02,1.02,1.02,1.02,1.02,1.02,1.02,1.02,1.02,1.02,1.02
2017,7,-0.91,-0.91,-0.91,-0.91,-0.91,-0.91,-0.91,-0.91,-0.91,-0.91,-0.91,-0.91,-0.91,-0.91,-0.91,-0.91,-0.91,-0.91,-0.91,-0.91,-0.91,-0.91,-0.91,-0.91,-0.91,-0.91,-0.91,-0.91,-0.91,-0.91,-0.91,-0.91,-0.91,-0.91,-0.91,-0.91,-0.91,-0.91,-0.91,-0.91,-0.91,-0.91,-0.91,-0.91,-0.91,-0.91,-0.91,-0.91,-0.91,-0.91,-0.91,-0.91,-0.91,-0.91,-0.91,-0.91,-0.91,-0.91,-0.91,-0.91,-0.91,-0.91,-0.91,-0.91,-0.91
2017,8,0.5,0.5,0.5,0.5,0.5,0.5,0.5,0.5,0.5,0.5,0.5,0.5,0.5,0.5,0.5,0.5,0.5,0.5,0.5,0.5,0.5,0.5,0.5,0.5,0.5,0.5,0.5,0.5,0.5,0.5,0.5,0.5,0.5,0.5,0.5,0.5,0.5,0.5,0.5,0.5,0.5,0.5,0.5,0.5,0.5,0.5,0.5,0.5,0.5,0.5,0.5,0.5,0.5,0.5,0.5,0.5,0.5,0.5,0.5,0.5,0.5,0.5,0.5,0.5,0.5
2017,9,0.56,0.56,0.56,0.56,0.56,0.56,0.56,0.56,0.56,0.56,0.56,0.56,0.56,0.56,0.56,0.56,0.56,0.56,0.56,0.56,0.56,0.56,0.56,0.56,0.56,0.56,0.56,0.56,0.56,0.56,0.56,0.56,0.56,0.56,0.56,0.56,0.56,0.56,0.56,0.56,0.56,0.56,0.56,0.56,0.56,0.56,0.56,0.56,0.56,0.56,0.56,0.56,0.56,0.56,0.56,0.56,0.56,0.56,0.56,0.57,0.57,0.57,0.57,0.57,0.57
2017,10,0.31,0.31,0.31,0.31,0.31,0.31,0.31,0.31,0.31,0.31,0.31,0.31,0.31,0.31,0.31,0.31,0.31,0.31,0.31,0.31,0.31,0.31,0.31,0.31,0.31,0.31,0.31,0.31,0.31,0.31,0.31,0.31,0.31,0.31,0.31,0.31,0.31,0.31,0.31,0.31,0.31,0.31,0.31,0.31,0.31,0.31,0.31,0.31,0.31,0.31,0.31,0.31,0.31,0.31,0.31,0.31,0.31,0.31,0.31,0.3,0.3,0.3,0.3,0.3,0.3
2017,11,0.97,0.97,0.97,0.97,0.97,0.97,0.97,0.97,0.97,0.97,0.97,0.97,0.97,0.97,0.97,0.97,0.97,0.97,0.97,0.97,0.97,0.97,0.97,0.97,0.97,0.97,0.97,0.97,0.97,0.97,0.97,0.97,0.97,0.97,0.97,0.97,0.97,0.97,0.97,0.97,0.97,0.97,0.97,0.97,0.97,0.97,0.97,0.97,0.97,0.97,0.97,0.97,0.97,0.97,0.97,0.97,0.97,0.97,0.97,0.97,0.97,0.97,0.97,0.97,0.97
2017,12,0.63,0.63,0.63,0.63,0.63,0.63,0.63,0.63,0.63,0.63,0.63,0.63,0.63,0.63,0.63,0.63,0.63,0.63,0.63,0.63,0.63,0.63,0.63,0.63,0.63,0.63,0.63,0.63,0.63,0.63,0.63,0.63,0.63,0.63,0.63,0.63,0.63,0.63,0.63,0.63,0.63,0.63,0.63,0.63,0.63,0.63,0.63,0.63,0.63,0.63,0.63,0.63,0.63,0.63,0.63,0.63,0.63,0.63,0.63,0.63,0.63,0.63,0.63,0.63,0.63
2018,1,-0.45,-0.45,-0.45,-0.45,-0.45,-0.45,-0.45,-0.45,-0.45,-0.45,-0.45,-0.45,-0.45,-0.45,-0.45,-0.45,-0.45,-0.45,-0.45,-0.45,-0.45,-0.45,-0.45,-0.45,-0.45,-0.45,-0.45,-0.45,-0.45,-0.45,-0.45,-0.45,-0.45,-0.45,-0.45,-0.45,-0.45,-0.45,-0.45,-0.45,-0.45,-0.45,-0.45,-0.45,-0.45,-0.45,-0.45,-0.45,-0.45,-0.45,-0.45,-0.45,-0.45,-0.45,-0.45,-0.45,-0.45,-0.45,-0.45,-0.45,-0.45,-0.45,-0.45,-0.45,-0.45
2018,2,0.94,0.94,0.94,0.94,0.94,0.94,0.94,0.94,0.94,0.94,0.94,0.94,0.94,0.94,0.94,0.94,0.94,0.94,0.94,0.94,0.94,0.94,0.94,0.94,0.94,0.94,0.94,0.94,0.94,0.94,0.94,0.94,0.94,0.94,0.94,0.94,0.94,0.94,0.94,0.94,0.94,0.94,0.94,0.94,0.94,0.94,0.94,0.94,0.94,0.94,0.94,0.94,0.94,0.94,0.94,0.94,0.94,0.94,0.94,0.94,0.94,0.94,0.94,0.94,0.94
2018,3,-0.02,-0.02,-0.02,-0.02,-0.02,-0.02,-0.02,-0.02,-0.02,-0.02,-0.02,-0.02,-0.02,-0.02,-0.02,-0.02,-0.02,-0.02,-0.02,-0.02,-0.02,-0.02,-0.02,-0.02,-0.02,-0.02,-0.02,-0.02,-0.02,-0.02,-0.02,-0.02,-0.02,-0.02,-0.02,-0.02,-0.02,-0.02,-0.02,-0.02,-0.02,-0.02,-0.02,-0.02,-0.02,-0.02,-0.02,-0.02,-0.02,-0.02,-0.02,-0.02,-0.02,-0.02,-0.02,-0.02,-0.02,-0.02,-0.02,-0.02,-0.02,-0.02,-0.02,-0.02,-0.02
2018,4,-0.13,-0.13,-0.13,-0.13,-0.13,-0.13,-0.13,-0.13,-0.13,-0.13,-0.13,-0.13,-0.13,-0.13,-0.13,-0.13,-0.13,-0.13,-0.13,-0.13,-0.13,-0.13,-0.13,-0.13,-0.13,-0.13,-0.13,-0.13,-0.13,-0.13,-0.13,-0.13,-0.13,-0.13,-0.13,-0.13,-0.13,-0.13,-0.13,-0.13,-0.13,-0.13,-0.13,-0.13,-0.13,-0.13,-0.13,-0.13,-0.13,-0.13,-0.13,-0.13,-0.13,-0.13,-0.13,-0.13,-0.13,-0.13,-0.13,-0.14,-0.14,-0.14,-0.14,-0.14,-0.14
2018,5,0.35,0.35,0.35,0.35,0.35,0.35,0.35,0.35,0.35,0.35,0.35,0.35,0.35,0.35,0.35,0.35,0.35,0.35,0.35,0.35,0.35,0.35,0.35,0.35,0.35,0.35,0.35,0.35,0.35,0.35,0.35,0.35,0.35,0.35,0.35,0.35,0.35,0.35,0.35,0.35,0.35,0.35,0.35,0.35,0.35,0.35,0.35,0.35,0.35,0.35,0.35,0.35,0.35,0.35,0.35,0.35,0.35,0.35,0.35,0.36,0.36,0.36,0.36,0.36,0.36
2018,6,-0.58,-0.58,-0.58,-0.58,-0.58,-0.58,-0.58,-0.58,-0.58,-0.58,-0.58,-0.58,-0.58,-0.58,-0.58,-0.58,-0.58,-0.58,-0.58,-0.58,-0.58,-0.58,-0.58,-0.58,-0.58,-0.58,-0.58,-0.58,-0.58,-0.58,-0.58,-0.58,-0.58,-0.58,-0.58,-0.58,-0.58,-0.58,-0.58,-0.58,-0.58,-0.58,-0.58,-0.58,-0.58,-0.58,-0.58,-0.58,-0.58,-0.58,-0.58,-0.58,-0.58,-0.58,-0.58,-0.58,-0.58,-0.58,-0.58,-0.57,-0.57,-0.57,-0.57,-0.57,-0.57
2018,7,-0.08,-0.08,-0.08,-0.08,-0.08,-0.08,-0.08,-0.08,-0.08,-0.08,-0.08,-0.08,-0.08,-0.08,-0.08,-0.08,-0.08,-0.08,-0.08,-0.08,-0.08,-0.08,-0.08,-0.08,-0.08,-0.08,-0.08,-0.08,-0.08,-0.08,-0.08,-0.08,-0.08,-0.08,-0.08,-0.08,-0.08,-0.08,-0.08,-0.08,-0.08,-0.08,-0.08,-0.08,-0.08,-0.08,-0.08,-0.08,-0.08,-0.08,-0.08,-0.08,-0.08,-0.08,-0.08,-0.08,-0.08,-0.08,-0.08,-0.07,-0.07,-0.07,-0.07,-0.07,-0.07
2018,8,0.44,0.44,0.44,0.44,0.44,0.44,0.44,0.44,0.44,0.44,0.44,0.44,0.44,0.44,0.44,0.44,0.44,0.44,0.44,0.44,0.44,0.44,0.44,0.44,0.44,0.44,0.44,0.44,0.44,0.44,0.44,0.44,0.44,0.44,0.44,0.44,0.44,0.44,0.44,0.44,0.44,0.44,0.44,0.44,0.44,0.44,0.44,0.44,0.44,0.44,0.44,0.44,0.44,0.44,0.44,0.44,0.44,0.44,0.44,0.44,0.44,0.44,0.44,0.44,0.44
2018,9,0.28,0.28,0.28,0.28,0.28,0.28,0.28,0.28,0.28,0.28,0.28,0.28,0.28,0.28,0.28,0.28,0.28,0.28,0.28,0.28,0.28,0.28,0.28,0.28,0.28,0.28,0.28,0.28,0.28,0.28,0.28,0.28,0.28,0.28,0.28,0.28,0.28,0.28,0.28,0.28,0.28,0.28,0.28,0.28,0.28,0.28,0.28,0.28,0.28,0.28,0.28,0.28,0.28,0.28,0.28,0.28,0.28,0.28,0.28,0.28,0.28,0.28,0.28,0.28,0.28
2018,10,-0.11,-0.11,-0.11,-0.11,-0.11,-0.11,-0.11,-0.11,-0.11,-0.11,-0.11,-0.11,-0.11,-0.11,-0.11,-0.11,-0.11,-0.11,-0.11,-0.11,-0.11,-0.11,-0.11,-0.11,-0.11,-0.11,-0.11,-0.11,-0.11,-0.11,-0.11,-0.11,-0.11,-0.11,-0.11,-0.11,-0.11,-0.11,-0.11,-0.11,-0.11,-0.11,-0.11,-0.11,-0.11,-0.11,-0.11,-0.11,-0.11,-0.11,-0.11,-0.11,-0.11,-0.11,-0.11,-0.11,-0.11,-0.11,-0.11,-0.11,-0.11,-0.11,-0.11,-0.11,-0.11
2018,11,-0.75,-0.75,-0.75,-0.75,-0.75,-0.75,-0.75,-0.75,-0.75,-0.75,-0.75,-0.75,-0.75,-0.75,-0.75,-0.75,-0.75,-0.75,-0.75,-0.75,-0.75,-0.75,-0.75,-0.75,-0.75,-0.75,-0.75,-0.75,-0.75,-0.75,-0.75,-0.75,-0.75,-0.75,-0.75,-0.75,-0.75,-0.75,-0.75,-0.75,-0.75,-0.75,-0.75,-0.75,-0.75,-0.75,-0.75,-0.75,-0.75,-0.75,-0.75,-0.75,-0.75,-0.75,-0.75,-0.75,-0.75,-0.75,-0.75,-0.75,-0.75,-0.75,-0.75,-0.75,-0.75
2018,12,-0.16,-0.16,-0.16,-0.16,-0.16,-0.16,-0.16,-0.16,-0.16,-0.16,-0.16,-0.16,-0.16,-0.16,-0.16,-0.16,-0.16,-0.16,-0.16,-0.16,-0.16,-0.16,-0.16,-0.16,-0.16,-0.16,-0.16,-0.16,-0.16,-0.16,-0.16,-0.16,-0.16,-0.16,-0.16,-0.16,-0.16,-0.16,-0.16,-0.16,-0.16,-0.16,-0.16,-0.16,-0.16,-0.16,-0.16,-0.16,-0.16,-0.16,-0.16,-0.16,-0.16,-0.16,-0.16,-0.16,-0.16,-0.16,-0.16,-0.18,-0.18,-0.18,-0.18,-0.18,-0.18
2019,1,0.23,0.23,0.23,0.23,0.23,0.23,0.23,0.23,0.23,0.23,0.23,0.23,0.23,0.23,0.23,0.23,0.23,0.23,0.23,0.23,0.23,0.23,0.23,0.23,0.23,0.23,0.23,0.23,0.23,0.23,0.23,0.23,0.23,0.23,0.23,0.23,0.23,0.23,0.23,0.23,0.23,0.23,0.23,0.23,0.23,0.23,0.23,0.23,0.23,0.23,0.23,0.23,0.23,0.23,0.23,0.23,0.23,0.23,0.23,0.24,0.24,0.24,0.24,0.24,0.24
2019,2,-0.08,-0.08,-0.08,-0.08,-0.08,-0.08,-0.08,-0.08,-0.08,-0.08,-0.08,-0.08,-0.08,-0.08,-0.08,-0.08,-0.08,-0.08,-0.08,-0.08,-0.08,-0.08,-0.08,-0.08,-0.08,-0.08,-0.08,-0.08,-0.08,-0.08,-0.08,-0.08,-0.08,-0.08,-0.08,-0.08,-0.08,-0.08,-0.08,-0.08,-0.08,-0.08,-0.08,-0.08,-0.08,-0.08,-0.08,-0.08,-0.08,-0.08,-0.08,-0.08,-0.08,-0.08,-0.08,-0.08,-0.08,-0.08,-0.08,-0.08,-0.08,-0.08,-0.08,-0.08,-0.08
2019,3,0.52,0.52,0.52,0.52,0.52,0.52,0.52,0.52,0.52,0.52,0.52,0.52,0.52,0.52,0.52,0.52,0.52,0.52,0.52,0.52,0.52,0.52,0.52,0.52,0.52,0.52,0.52,0.52,0.52,0.52,0.52,0.52,0.52,0.52,0.52,0.52,0.52,0.52,0.52,0.52,0.52,0.52,0.52,0.52,0.52,0.52,0.52,0.52,0.52,0.52,0.52,0.52,0.52,0.52,0.52,0.52,0.52,0.52,0.52,0.51,0.51,0.51,0.51,0.51,0.51
2019,4,-0.24,-0.24,-0.24,-0.24,-0.24,-0.24,-0.24,-0.24,-0.24,-0.24,-0.24,-0.24,-0.24,-0.24,-0.24,-0.24,-0.24,-0.24,-0.24,-0.24,-0.24,-0.24,-0.24,-0.24,-0.24,-0.24,-0.24,-0.24,-0.24,-0.24,-0.24,-0.24,-0.24,-0.24,-0.24,-0.24,-0.24,-0.24,-0.24,-0.24,-0.24,-0.24,-0.24,-0.24,-0.24,-0.24,-0.24,-0.24,-0.24,-0.24,-0.24,-0.24,-0.24,-0.24,-0.24,-0.24,-0.24,-0.24,-0.24,-0.24,-0.24,-0.24,-0.24,-0.24,-0.24
2019,5,0.24,0.24,0.24,0.24,0.24,0.24,0.24,0.24,0.24,0.24,0.24,0.24,0.24,0.24,0.24,0.24,0.24,0.24,0.24,0.24,0.24,0.24,0.24,0.24,0.24,0.24,0.24,0.24,0.24,0.24,0.24,0.24,0.24,0.24,0.24,0.24,0.24,0.24,0.24,0.24,0.24,0.24,0.24,0.24,0.24,0.24,0.24,0.24,0.24,0.24,0.24,0.24,0.24,0.24,0.24,0.24,0.24,0.24,0.24,0.24,0.24,0.24,0.24,0.24,0.24
2019,6,-0.63,-0.63,-0.63,-0.63,-0.63,-0.63,-0.63,-0.63,-0.63,-0.63,-0.63,-0.63,-0.63,-0.63,-0.63,-0.63,-0.63,-0.63,-0.63,-0.63,-0.63,-0.63,-0.63,-0.63,-0.63,-0.63,-0.63,-0.63,-0.63,-0.63,-0.63,-0.63,-0.63,-0.63,-0.63,-0.63,-0.63,-0.63,-0.63,-0.63,-0.63,-0.63,-0.63,-0.63,-0.63,-0.63,-0.63,-0.63,-0.63,-0.63,-0.63,-0.63,-0.63,-0.63,-0.63,-0.63,-0.63,-0.63,-0.63,-0.63,-0.63,-0.63,-0.63,-0.63,-0.63
2019,7,0.38,0.38,0.38,0.38,0.38,0.38,0.38,0.38,0.38,0.38,0.38,0.38,0.38,0.38,0.38,0.38,0.38,0.38,0.38,0.38,0.38,0.38,0.38,0.38,0.38,0.38,0.38,0.38,0.38,0.38,0.38,0.38,0.38,0.38,0.38,0.38,0.38,0.38,0.38,0.38,0.38,0.38,0.38,0.38,0.38,0.38,0.38,0.38,0.38,0.38,0.38,0.38,0.38,0.38,0.38,0.38,0.38,0.38,0.38,0.39,0.39,0.39,0.39,0.39,0.39
2019,8,0.25,0.25,0.25,0.25,0.25,0.25,0.25,0.25,0.25,0.25,0.25,0.25,0.25,0.25,0.25,0.25,0.25,0.25,0.25,0.25,0.25,0.25,0.25,0.25,0.25,0.25,0.25,0.25,0.25,0.25,0.25,0.25,0.25,0.25,0.25,0.25,0.25,0.25,0.25,0.25,0.25,0.25,0.25,0.25,0.25,0.25,0.25,0.25,0.25,0.25,0.25,0.25,0.25,0.25,0.25,0.25,0.25,0.25,0.25,0.25,0.25,0.25,0.25,0.25,0.25
2019,9,-0.88,-0.88,-0.88,-0.88,-0.88,-0.88,-0.88,-0.88,-0.88,-0.88,-0.88,-0.88,-0.88,-0.88,-0.88,-0.88,-0.88,-0.88,-0.88,-0.88,-0.88,-0.88,-0.88,-0.88,-0.88,-0.88,-0.88,-0.88,-0.88,-0.88,-0.88,-0.88,-0.88,-0.88,-0.88,-0.88,-0.88,-0.88,-0.88,-0.88,-0.88,-0.88,-0.88,-0.88,-0.88,-0.88,-0.88,-0.88,-0.88,-0.88,-0.88,-0.88,-0.88,-0.88,-0.88,-0.88,-0.88,-0.88,-0.88,-0.88,-0.88,-0.88,-0.88,-0.88,-0.88
2019,10,-0.28,-0.28,-0.28,-0.28,-0.28,-0.28,-0.28,-0.28,-0.28,-0.28,-0.28,-0.28,-0.28,-0.28,-0.28,-0.28,-0.28,-0.28,-0.28,-0.28,-0.28,-0.28,-0.28,-0.28,-0.28,-0.28,-0.28,-0.28,-0.28,-0.28,-0.28,-0.28,-0.28,-0.28,-0.28,-0.28,-0.28,-0.28,-0.28,-0.28,-0.28,-0.28,-0.28,-0.28,-0.28,-0.28,-0.28,-0.28,-0.28,-0.28,-0.28,-0.28,-0.28,-0.28,-0.28,-0.28,-0.28,-0.28,-0.28,-0.29,-0.29,-0.29,-0.29,-0.29,-0.29
2019,11,-0.51,-0.51,-0.51,-0.51,-0.51,-0.51,-0.51,-0.51,-0.51,-0.51,-0.51,-0.51,-0.51,-0.51,-0.51,-0.51,-0.51,-0.51,-0.51,-0.51,-0.51,-0.51,-0.51,-0.51,-0.51,-0.51,-0.51,-0.51,-0.51,-0.51,-0.51,-0.51,-0.51,-0.51,-0.51,-0.51,-0.51,-0.51,-0.51,-0.51,-0.51,-0.51,-0.51,-0.51,-0.51,-0.51,-0.51,-0.51,-0.51,-0.51,-0.51,-0.51,-0.51,-0.51,-0.51,-0.51,-0.51,-0.51,-0.51,-0.5,-0.5,-0.5,-0.5,-0.5,-0.5
2019,12,0.17,0.17,0.17,0.17,0.17,0.17,0.17,0.17,0.17,0.17,0.17,0.17,0.17,0.17,0.17,0.17,0.17,0.17,0.17,0.17,0.17,0.17,0.17,0.17,0.17,0.17,0.17,0.17,0.17,0.17,0.17,0.17,0.17,0.17,0.17,0.17,0.17,0.17,0.17,0.17,0.17,0.17,0.17,0.17,0.17,0.17,0.17,0.17,0.17,0.17,0.17,0.17,0.17,0.17,0.17,0.17,0.17,0.17,0.17,0.16,0.16,0.16,0.16,0.16,0.16
2020,1,-0.35,-0.35,-0.35,-0.35,-0.35,-0.35,-0.35,-0.35,-0.35,-0.35,-0.35,-0.35,-0.35,-0.35,-0.35,-0.35,-0.35,-0.35,-0.35,-0.35,-0.35,-0.35,-0.35,-0.35,-0.35,-0.35,-0.35,-0.35,-0.35,-0.35,-0.35,-0.35,-0.35,-0.35,-0.35,-0.35,-0.35,-0.35,-0.35,-0.35,-0.35,-0.35,-0.35,-0.35,-0.35,-0.35,-0.35,-0.35,-0.35,-0.35,-0.35,-0.35,-0.35,-0.35,-0.35,-0.35,-0.35,-0.35,-0.35,-0.34,-0.34,-0.34,-0.34,-0.34,-0.34
2020,2,-0.78,-0.78,-0.78,-0.78,-0.78,-0.78,-0.78,-0.78,-0.78,-0.78,-0.78,-0.78,-0.78,-0.78,-0.78,-0.78,-0.78,-0.78,-0.78,-0.78,-0.78,-0.78,-0.78,-0.78,-0.78,-0.78,-0.78,-0.78,-0.78,-0.78,-0.78,-0.78,-0.78,-0.78,-0.78,-0.78,-0.78,-0.78,-0.78,-0.78,-0.78,-0.78,-0.78,-0.78,-0.78,-0.78,-0.78,-0.78,-0.78,-0.78,-0.78,-0.78,-0.78,-0.78,-0.78,-0.78,-0.78,-0.78,-0.78,-0.79,-0.79,-0.79,-0.79,-0.79,-0.79
2020,3,-5.6,-5.6,-5.6,-5.6,-5.6,-5.6,-5.6,-5.6,-5.6,-5.6,-5.6,-5.6,-5.6,-5.6,-5.6,-5.6,-5.6,-5.6,-5.6,-5.6,-5.6,-5.6,-5.6,-5.6,-5.6,-5.6,-5.6,-5.6,-5.6,-5.6,-5.6,-5.6,-5.6,-5.6,-5.6,-5.6,-5.6,-5.6,-5.6,-5.6,-5.6,-5.6,-5.6,-5.6,-5.6,-5.6,-5.6,-5.6,-5.6,-5.6,-5.6,-5.6,-5.6,-5.6,-5.6,-5.6,-5.6,-5.6,-5.6,-5.61,-5.61,-5.61,-5.61,-5.61,-5.61
2020,4,-10.95,-10.95,-10.95,-10.95,-10.95,-10.95,-10.95,-10.95,-10.95,-10.95,-10.95,-10.95,-10.95,-10.95,-10.95,-10.95,-10.95,-10.95,-10.95,-10.95,-10.95,-10.95,-10.95,-10.95,-10.95,-10.95,-10.95,-10.95,-10.95,-10.95,-10.95,-10.95,-10.95,-10.95,-10.95,-10.95,-10.95,-10.95,-10.95,-10.95,-10.95,-10.95,-10.95,-10.95,-10.95,-10.95,-10.95,-10.95,-10.95,-10.95,-10.95,-10.95,-10.95,-10.95,-10.95,-10.95,-10.95,-10.95,-10.95,-10.93,-10.93,-10.93,-10.93,-10.93,-10.93
2020,5,1.42,1.42,1.42,1.42,1.42,1.42,1.42,1.42,1.42,1.42,1.42,1.42,1.42,1.42,1.42,1.42,1.42,1.42,1.42,1.42,1.42,1.42,1.42,1.42,1.42,1.42,1.42,1.42,1.42,1.42,1.42,1.42,1.42,1.42,1.42,1.42,1.42,1.42,1.42,1.42,1.42,1.42,1.42,1.42,1.42,1.42,1.42,1.42,1.42,1.42,1.42,1.42,1.42,1.42,1.42,1.42,1.42,1.42,1.42,1.43,1.43,1.43,1.43,1.43,1.43
2020,6,2.75,2.75,2.75,2.75,2.75,2.75,2.75,2.75,2.75,2.75,2.75,2.75,2.75,2.75,2.75,2.75,2.75,2.75,2.75,2.75,2.75,2.75,2.75,2.75,2.75,2.75,2.75,2.75,2.75,2.75,2.75,2.75,2.75,2.75,2.75,2.75,2.75,2.75,2.75,2.75,2.75,2.75,2.75,2.75,2.75,2.75,2.75,2.75,2.75,2.75,2.75,2.75,2.75,2.75,2.75,2.75,2.75,2.75,2.75,2.75,2.75,2.75,2.75,2.75,2.75
2020,7,3.09,3.09,3.09,3.09,3.09,3.09,3.09,3.09,3.09,3.09,3.09,3.09,3.09,3.09,3.09,3.09,3.09,3.09,3.09,3.09,3.09,3.09,3.09,3.09,3.09,3.09,3.09,3.09,3.09,3.09,3.09,3.09,3.09,3.09,3.09,3.09,3.09,3.09,3.09,3.09,3.09,3.09,3.09,3.09,3.09,3.09,3.09,3.09,3.09,3.09,3.09,3.09,3.09,3.09,3.09,3.09,3.09,3.09,3.09,3.1,3.1,3.1,3.1,3.1,3.1
2020,8,0.79,0.79,0.79,0.79,0.79,0.79,0.79,0.79,0.79,0.79,0.79,0.79,0.79,0.79,0.79,0.79,0.79,0.79,0.79,0.79,0.79,0.79,0.79,0.79,0.79,0.79,0.79,0.79,0.79,0.79,0.79,0.79,0.79,0.79,0.79,0.79,0.79,0.79,0.79,0.79,0.79,0.79,0.79,0.79,0.79,0.79,0.79,0.79,0.79,0.79,0.79,0.79,0.79,0.79,0.79,0.79,0.79,0.79,0.79,0.79,0.79,0.79,0.79,0.79,0.79
2020,9,1.47,1.47,1.47,1.47,1.47,1.47,1.47,1.47,1.47,1.47,1.47,1.47,1.47,1.47,1.47,1.47,1.47,1.47,1.47,1.47,1.47,1.47,1.47,1.47,1.47,1.47,1.47,1.47,1.47,1.47,1.47,1.47,1.47,1.47,1.47,1.47,1.47,1.47,1.47,1.47,1.47,1.47,1.47,1.47,1.47,1.47,1.47,1.47,1.47,1.47,1.47,1.47,1.47,1.47,1.47,1.47,1.47,1.47,1.47,1.46,1.46,1.46,1.46,1.46,1.46
2020,10,1.05,1.05,1.05,1.05,1.05,1.05,1.05,1.05,1.05,1.05,1.05,1.05,1.05,1.05,1.05,1.05,1.05,1.05,1.05,1.05,1.05,1.05,1.05,1.05,1.05,1.05,1.05,1.05,1.05,1.05,1.05,1.05,1.05,1.05,1.05,1.05,1.05,1.05,1.05,1.05,1.05,1.05,1.05,1.05,1.05,1.05,1.05,1.05,1.05,1.05,1.05,1.05,1.05,1.05,1.05,1.05,1.05,1.05,1.05,1.06,1.06,1.06,1.06,1.06,1.06
2020,11,0.74,0.74,0.74,0.74,0.74,0.74,0.74,0.74,0.74,0.74,0.74,0.74,0.74,0.74,0.74,0.74,0.74,0.74,0.74,0.74,0.74,0.74,0.74,0.74,0.74,0.74,0.74,0.74,0.74,0.74,0.74,0.74,0.74,0.74,0.74,0.74,0.74,0.74,0.74,0.74,0.74,0.74,0.74,0.74,0.74,0.74,0.74,0.74,0.74,0.74,0.74,0.74,0.74,0.74,0.74,0.74,0.74,0.74,0.74,0.73,0.73,0.73,0.73,0.73,0.73
2020,12,1.54,1.54,1.54,1.54,1.54,1.54,1.54,1.54,1.54,1.54,1.54,1.54,1.54,1.54,1.54,1.54,1.54,1.54,1.54,1.54,1.54,1.54,1.54,1.54,1.54,1.54,1.54,1.54,1.54,1.54,1.54,1.54,1.54,1.54,1.54,1.54,1.54,1.54,1.54,1.54,1.54,1.54,1.54,1.54,1.54,1.54,1.54,1.54,1.54,1.54,1.54,1.54,1.54,1.54,1.54,1.54,1.54,1.54,1.54,1.52,1.52,1.52,1.52,1.52,1.52
2021,1,1.96,1.96,1.96,1.96,1.96,1.96,1.96,1.96,1.96,1.96,1.96,1.96,1.96,1.96,1.96,1.96,1.96,1.96,1.96,1.96,1.96,1.96,1.96,1.96,1.96,1.96,1.96,1.96,1.96,1.96,1.96,1.96,1.96,1.96,1.96,1.96,1.96,1.96,1.96,1.96,1.96,1.96,1.96,1.96,1.96,1.96,1.96,1.96,1.96,1.96,1.96,1.96,1.96,1.96,1.96,1.96,1.96,1.96,1.96,1.96,1.96,1.96,1.96,1.96,1.96
2021,2,-0.83,-0.83,-0.83,-0.83,-0.83,-0.83,-0.83,-0.83,-0.83,-0.83,-0.83,-0.83,-0.83,-0.83,-0.83,-0.83,-0.83,-0.83,-0.83,-0.83,-0.83,-0.83,-0.83,-0.83,-0.83,-0.83,-0.83,-0.83,-0.83,-0.83,-0.83,-0.83,-0.83,-0.83,-0.83,-0.83,-0.83,-0.83,-0.83,-0.83,-0.83,-0.83,-0.83,-0.83,-0.83,-0.83,-0.83,-0.83,-0.83,-0.83,-0.83,-0.83,-0.83,-0.83,-0.83,-0.83,-0.83,-0.83,-0.83,-0.83,-0.83,-0.83,-0.83,-0.83,-0.83
2021,3,3.1,3.1,3.1,3.1,3.1,3.1,3.1,3.1,3.1,3.1,3.1,3.1,3.1,3.1,3.1,3.1,3.1,3.1,3.1,3.1,3.1,3.1,3.1,3.1,3.1,3.1,3.1,3.1,3.1,3.1,3.1,3.1,3.1,3.1,3.1,3.1,3.1,3.1,3.1,3.1,3.1,3.1,3.1,3.1,3.1,3.1,3.1,3.1,3.1,3.1,3.1,3.1,3.1,3.1,3.1,3.1,3.1,3.1,3.1,3.1,3.1,3.1,3.1,3.1,3.1
2021,4,-0.27,-0.27,-0.27,-0.27,-0.27,-0.27,-0.27,-0.27,-0.27,-0.27,-0.27,-0.27,-0.27,-0.27,-0.27,-0.27,-0.27,-0.27,-0.27,-0.27,-0.27,-0.27,-0.27,-0.27,-0.27,-0.27,-0.27,-0.27,-0.27,-0.27,-0.27,-0.27,-0.27,-0.27,-0.27,-0.27,-0.27,-0.27,-0.27,-0.27,-0.27,-0.27,-0.27,-0.27,-0.27,-0.27,-0.27,-0.27,-0.27,-0.27,-0.27,-0.27,-0.27,-0.27,-0.27,-0.27,-0.27,-0.27,-0.27,-0.26,-0.26,-0.26,-0.26,-0.26,-0.26
2021,5,0.73,0.73,0.73,0.73,0.73,0.73,0.73,0.73,0.73,0.73,0.73,0.73,0.73,0.73,0.73,0.73,0.73,0.73,0.73,0.73,0.73,0.73,0.73,0.73,0.73,0.73,0.73,0.73,0.73,0.73,0.73,0.73,0.73,0.73,0.73,0.73,0.73,0.73,0.73,0.73,0.73,0.73,0.73,0.73,0.73,0.73,0.73,0.73,0.73,0.73,0.73,0.73,0.73,0.73,0.73,0.73,0.73,0.73,0.73,0.75,0.75,0.75,0.75,0.75,0.75
2021,6,1.2,1.2,1.2,1.2,1.2,1.2,1.2,1.2,1.2,1.2,1.2,1.2,1.2,1.2,1.2,1.2,1.2,1.2,1.2,1.2,1.2,1.2,1.2,1.2,1.2,1.2,1.2,1.2,1.2,1.2,1.2,1.2,1.2,1.2,1.2,1.2,1.2,1.2,1.2,1.2,1.2,1.2,1.2,1.2,1.2,1.2,1.2,1.2,1.2,1.2,1.2,1.2,1.2,1.2,1.2,1.2,1.2,1.2,1.2,1.22,1.22,1.22,1.22,1.22,1.22
2021,7,0.82,0.82,0.82,0.82,0.82,0.82,0.82,0.82,0.82,0.82,0.82,0.82,0.82,0.82,0.82,0.82,0.82,0.82,0.82,0.82,0.82,0.82,0.82,0.82,0.82,0.82,0.82,0.82,0.82,0.82,0.82,0.82,0.82,0.82,0.82,0.82,0.82,0.82,0.82,0.82,0.82,0.82,0.82,0.82,0.82,0.82,0.82,0.82,0.82,0.82,0.82,0.82,0.82,0.82,0.82,0.82,0.82,0.82,0.82,0.83,0.83,0.83,0.83,0.83,0.83
2021,8,1.31,1.31,1.31,1.31,1.31,1.31,1.31,1.31,1.31,1.31,1.31,1.31,1.31,1.31,1.31,1.31,1.31,1.31,1.31,1.31,1.31,1.31,1.31,1.31,1.31,1.31,1.31,1.31,1.31,1.31,1.31,1.31,1.31,1.31,1.31,1.31,1.31,1.31,1.31,1.31,1.31,1.31,1.31,1.31,1.31,1.31,1.31,1.31,1.31,1.31,1.31,1.31,1.31,1.31,1.31,1.31,1.31,1.31,1.31,1.31,1.31,1.31,1.31,1.31,1.31
2021,9,0.15,0.15,0.15,0.15,0.15,0.15,0.15,0.15,0.15,0.15,0.15,0.15,0.15,0.15,0.15,0.15,0.15,0.15,0.15,0.15,0.15,0.15,0.15,0.15,0.15,0.15,0.15,0.15,0.15,0.15,0.15,0.15,0.15,0.15,0.15,0.15,0.15,0.15,0.15,0.15,0.15,0.15,0.15,0.15,0.15,0.15,0.15,0.15,0.15,0.15,0.15,0.15,0.15,0.15,0.15,0.15,0.15,0.15,0.15,0.13,0.13,0.13,0.13,0.13,0.13
2021,10,2.28,2.28,2.28,2.28,2.28,2.28,2.28,2.28,2.28,2.28,2.28,2.28,2.28,2.28,2.28,2.28,2.28,2.28,2.28,2.28,2.28,2.28,2.28,2.28,2.28,2.28,2.28,2.28,2.28,2.28,2.28,2.28,2.28,2.28,2.28,2.28,2.28,2.28,2.28,2.28,2.28,2.28,2.28,2.28,2.28,2.28,2.28,2.28,2.28,2.28,2.28,2.28,2.28,2.28,2.28,2.28,2.28,2.28,2.28,2.26,2.26,2.26,2.26,2.26,2.26
2021,11,2.29,2.29,2.29,2.29,2.29,2.29,2.29,2.29,2.29,2.29,2.29,2.29,2.29,2.29,2.29,2.29,2.29,2.29,2.29,2.29,2.29,2.29,2.29,2.29,2.29,2.29,2.29,2.29,2.29,2.29,2.29,2.29,2.29,2.29,2.29,2.29,2.29,2.29,2.29,2.29,2.29,2.29,2.29,2.29,2.29,2.29,2.29,2.29,2.29,2.29,2.29,2.29,2.29,2.29,2.29,2.29,2.29,2.29,2.29,2.26,2.26,2.26,2.26,2.26,2.26
2021,12,2.55,2.55,2.55,2.55,2.55,2.55,2.55,2.55,2.55,2.55,2.55,2.55,2.55,2.55,2.55,2.55,2.55,2.55,2.55,2.55,2.55,2.55,2.55,2.55,2.55,2.55,2.55,2.55,2.55,2.55,2.55,2.55,2.55,2.55,2.55,2.55,2.55,2.55,2.55,2.55,2.55,2.55,2.55,2.55,2.55,2.55,2.55,2.55,2.55,2.55,2.55,2.55,2.55,2.55,2.55,2.55,2.55,2.55,2.55,2.53,2.53,2.53,2.53,2.53,2.53
2022,1,1.26,1.26,1.26,1.26,1.26,1.26,1.26,1.26,1.26,1.26,1.26,1.26,1.26,1.26,1.26,1.26,1.26,1.26,1.26,1.26,1.26,1.26,1.26,1.26,1.26,1.26,1.26,1.26,1.26,1.26,1.26,1.26,1.26,1.26,1.26,1.26,1.26,1.26,1.26,1.26,1.26,1.26,1.26,1.26,1.26,1.26,1.26,1.26,1.26,1.26,1.26,1.26,1.26,1.26,1.26,1.26,1.26,1.26,1.26,1.27,1.27,1.27,1.27,1.27,1.27
2022,2,1.6,1.6,1.6,1.6,1.6,1.6,1.6,1.6,1.6,1.6,1.6,1.6,1.6,1.6,1.6,1.6,1.6,1.6,1.6,1.6,1.6,1.6,1.6,1.6,1.6,1.6,1.6,1.6,1.6,1.6,1.6,1.6,1.6,1.6,1.6,1.6,1.6,1.6,1.6,1.6,1.6,1.6,1.6,1.6,1.6,1.6,1.6,1.6,1.6,1.6,1.6,1.6,1.6,1.6,1.6,1.6,1.6,1.6,1.6,1.6,1.6,1.6,1.6,1.6,1.6
2022,3,3.19,3.19,3.19,3.19,3.19,3.19,3.19,3.19,3.19,3.19,3.19,3.19,3.19,3.19,3.19,3.19,3.19,3.19,3.19,3.19,3.19,3.19,3.19,3.19,3.19,3.19,3.19,3.19,3.19,3.19,3.19,3.19,3.19,3.19,3.19,3.19,3.19,3.19,3.19,3.19,3.19,3.19,3.19,3.19,3.19,3.19,3.19,3.19,3.19,3.19,3.19,3.19,3.19,3.19,3.19,3.19,3.19,3.19,3.19,3.16,3.16,3.16,3.16,3.16,3.16
2022,4,1.03,1.03,1.03,1.03,1.03,1.03,1.03,1.03,1.03,1.03,1.03,1.03,1.03,1.03,1.03,1.03,1.03,1.03,1.03,1.03,1.03,1.03,1.03,1.03,1.03,1.03,1.03,1.03,1.03,1.03,1.03,1.03,1.03,1.03,1.03,1.03,1.03,1.03,1.03,1.03,1.03,1.03,1.03,1.03,1.03,1.03,1.03,1.03,1.03,1.03,1.03,1.03,1.03,1.03,1.03,1.03,1.03,1.03,1.03,1.06,1.06,1.06,1.06,1.06,1.06
2022,5,0.89,0.89,0.89,0.89,0.89,0.89,0.89,0.89,0.89,0.89,0.89,0.89,0.89,0.89,0.89,0.89,0.89,0.89,0.89,0.89,0.89,0.89,0.89,0.89,0.89,0.89,0.89,0.89,0.89,0.89,0.89,0.89,0.89,0.89,0.89,0.89,0.89,0.89,0.89,0.89,0.89,0.89,0.89,0.89,0.89,0.89,0.89,0.89,0.89,0.89,0.89,0.89,0.89,0.89,0.89,0.89,0.89,0.89,0.89,0.88,0.88,0.88,0.88,0.88,0.88
2022,6,1.08,1.08,1.08,1.08,1.08,1.08,1.08,1.08,1.08,1.08,1.08,1.08,1.08,1.08,1.08,1.08,1.08,1.08,1.08,1.08,1.08,1.08,1.08,1.08,1.08,1.08,1.08,1.08,1.08,1.08,1.08,1.08,1.08,1.08,1.08,1.08,1.08,1.08,1.08,1.08,1.08,1.08,1.08,1.08,1.08,1.08,1.08,1.08,1.08,1.08,1.08,1.08,1.08,1.08,1.08,1.08,1.08,1.08,1.08,1.11,1.11,1.11,1.11,1.11,1.11
2022,7,-0.46,-0.46,-0.46,-0.46,-0.46,-0.46,-0.46,-0.46,-0.46,-0.46,-0.46,-0.46,-0.46,-0.46,-0.46,-0.46,-0.46,-0.46,-0.46,-0.46,-0.46,-0.46,-0.46,-0.46,-0.46,-0.46,-0.46,-0.46,-0.46,-0.46,-0.46,-0.46,-0.46,-0.46,-0.46,-0.46,-0.46,-0.46,-0.46,-0.46,-0.46,-0.46,-0.46,-0.46,-0.46,-0.46,-0.46,-0.46,-0.46,-0.46,-0.46,-0.46,-0.46,-0.46,-0.46,-0.46,-0.46,-0.46,-0.46,-0.44,-0.44,-0.44,-0.44,-0.44,-0.44
2022,8,0.26,0.26,0.26,0.26,0.26,0.26,0.26,0.26,0.26,0.26,0.26,0.26,0.26,0.26,0.26,0.26,0.26,0.26,0.26,0.26,0.26,0.26,0.26,0.26,0.26,0.26,0.26,0.26,0.26,0.26,0.26,0.26,0.26,0.26,0.26,0.26,0.26,0.26,0.26,0.26,0.26,0.26,0.26,0.26,0.26,0.26,0.26,0.26,0.26,0.26,0.26,0.26,0.26,0.26,0.26,0.26,0.26,0.26,0.26,0.27,0.27,0.27,0.27,0.27,0.27
2022,9,-0.39,-0.39,-0.39,-0.39,-0.39,-0.39,-0.39,-0.39,-0.39,-0.39,-0.39,-0.39,-0.39,-0.39,-0.39,-0.39,-0.39,-0.39,-0.39,-0.39,-0.39,-0.39,-0.39,-0.39,-0.39,-0.39,-0.39,-0.39,-0.39,-0.39,-0.39,-0.39,-0.39,-0.39,-0.39,-0.39,-0.39,-0.39,-0.39,-0.39,-0.39,-0.39,-0.39,-0.39,-0.39,-0.39,-0.39,-0.39,-0.39,-0.39,-0.39,-0.39,-0.39,-0.39,-0.39,-0.39,-0.39,-0.39,-0.39,-0.39,-0.39,-0.39,-0.39,-0.39,-0.39
2022,10,-0.05,-0.05,-0.05,-0.05,-0.05,-0.05,-0.05,-0.05,-0.05,-0.05,-0.05,-0.05,-0.05,-0.05,-0.05,-0.05,-0.05,-0.05,-0.05,-0.05,-0.05,-0.05,-0.05,-0.05,-0.05,-0.05,-0.05,-0.05,-0.05,-0.05,-0.05,-0.05,-0.05,-0.05,-0.05,-0.05,-0.05,-0.05,-0.05,-0.05,-0.05,-0.05,-0.05,-0.05,-0.05,-0.05,-0.05,-0.05,-0.05,-0.05,-0.05,-0.05,-0.05,-0.05,-0.05,-0.05,-0.05,-0.05,-0.05,-0.06,-0.06,-0.06,-0.06,-0.06,-0.06
2022,11,-1.55,-1.55,-1.55,-1.55,-1.55,-1.55,-1.55,-1.55,-1.55,-1.55,-1.53,-1.53,-1.53,-1.53,-1.53,-1.53,-1.53,-1.53,-1.53,-1.53,-1.53,-1.53,-1.53,-1.53,-1.53,-1.53,-1.53,-1.53,-1.53,-1.53,-1.53,-1.53,-1.53,-1.53,-1.53,-1.53,-1.53,-1.53,-1.53,-1.53,-1.53,-1.53,-1.53,-1.53,-1.53,-1.53,-1.53,-1.53,-1.53,-1.53,-1.53,-1.53,-1.53,-1.53,-1.53,-1.53,-1.53,-1.53,-1.53,-1.53,-1.53,-1.53,-1.53,-1.53,-1.53
2022,12,-0.07,-0.07,-0.07,-0.07,-0.07,-0.07,-0.08,-0.07,-0.07,-0.07,-0.12,-0.12,-0.12,-0.12,-0.12,-0.12,-0.15,-0.15,-0.15,-0.15,-0.15,-0.15,-0.15,-0.15,-0.15,-0.15,-0.16,-0.16,-0.16,-0.16,-0.16,-0.18,-0.18,-0.18,-0.18,-0.18,-0.18,-0.18,-0.18,-0.18,-0.18,-0.18,-0.18,-0.18,-0.18,-0.18,-0.18,-0.18,-0.18,-0.18,-0.18,-0.18,-0.18,-0.18,-0.18,-0.18,-0.18,-0.18,-0.18,-0.15,-0.15,-0.15,-0.15,-0.15,-0.15
2023,1,0.6,0.6,0.6,0.6,0.6,0.6,0.6,0.6,0.6,0.6,0.63,0.63,0.63,0.63,0.63,0.63,0.65,0.65,0.65,0.65,0.65,0.65,0.65,0.65,0.65,0.62,0.63,0.63,0.63,0.63,0.63,0.73,0.73,0.73,0.73,0.73,0.73,0.73,0.73,0.74,0.74,0.74,0.74,0.74,0.75,0.74,0.74,0.74,0.74,0.74,0.76,0.76,0.76,0.76,0.76,0.76,0.76,0.76,0.76,0.71,0.71,0.71,0.71,0.71,0.71
2023,2,-0.67,-0.67,-0.67,-0.67,-0.67,-0.67,-0.67,-0.67,-0.67,-0.67,-0.67,-0.67,-0.67,-0.67,-0.67,-0.67,-0.67,-0.67,-0.67,-0.67,-0.67,-0.67,-0.67,-0.67,-0.67,-0.68,-0.68,-0.68,-0.68,-0.68,-0.68,-0.75,-0.75,-0.75,-0.75,-0.75,-0.75,-0.75,-0.75,-0.77,-0.77,-0.77,-0.77,-0.77,-0.77,-0.77,-0.77,-0.77,-0.76,-0.76,-0.72,-0.72,-0.72,-0.72,-0.72,-0.72,-0.72,-0.72,-0.72,-0.77,-0.77,-0.8,-0.8,-0.8,-0.8
2023,3,-0.54,-0.54,-0.54,-0.54,-0.54,-0.54,-0.54,-0.54,-0.54,-0.54,-0.54,-0.54,-0.54,-0.54,-0.54,-0.54,-0.54,-0.54,-0.54,-0.54,-0.54,-0.54,-0.54,-0.54,-0.54,-0.54,-0.54,-0.54,-0.54,-0.54,-0.54,-0.54,-0.54,-0.54,-0.54,-0.54,-0.54,-0.54,-0.54,-0.54,-0.54,-0.54,-0.54,-0.54,-0.54,-0.53,-0.53,-0.53,-0.53,-0.53,-0.59,-0.59,-0.59,-0.59,-0.59,-0.59,-0.59,-0.59,-0.59,-0.58,-0.58,-0.55,-0.55,-0.55,-0.55
2023,4,-0.42,-0.42,-0.42,-0.42,-0.42,-0.42,-0.42,-0.42,-0.42,-0.42,-0.42,-0.42,-0.42,-0.42,-0.42,-0.42,-0.42,-0.42,-0.42,-0.42,-0.42,-0.42,-0.42,-0.42,-0.42,-0.42,-0.42,-0.42,-0.42,-0.42,-0.42,-0.42,-0.42,-0.42,-0.42,-0.42,-0.42,-0.42,-0.42,-0.42,-0.42,-0.42,-0.42,-0.42,-0.42,-0.43,-0.43,-0.43,-0.43,-0.43,-0.43,-0.43,-0.43,-0.43,-0.43,-0.43,-0.43,-0.43,-0.43,-0.45,-0.45,-0.45,-0.45,-0.45,-0.45
2023,5,0.12,0.12,0.12,0.12,0.12,0.12,0.12,0.12,0.12,0.12,0.12,0.12,0.12,0.12,0.12,0.12,0.12,0.12,0.12,0.12,0.12,0.12,0.12,0.12,0.12,0.12,0.12,0.12,0.12,0.12,0.12,0.12,0.12,0.12,0.12,0.12,0.12,0.12,0.12,0.12,0.12,0.12,0.12,0.12,0.12,0.12,0.12,0.12,0.12,0.12,0.12,0.12,0.12,0.12,0.12,0.12,0.12,0.12,0.12,0.12,0.12,0.12,0.12,0.12,0.12
2023,6,-0.33,-0.33,-0.33,-0.33,-0.33,-0.33,-0.33,-0.33,-0.33,-0.33,-0.33,-0.33,-0.33,-0.33,-0.33,-0.33,-0.33,-0.33,-0.33,-0.33,-0.33,-0.33,-0.33,-0.33,-0.33,-0.33,-0.33,-0.33,-0.33,-0.33,-0.33,-0.33,-0.33,-0.33,-0.33,-0.33,-0.33,-0.33,-0.33,-0.33,-0.33,-0.33,-0.33,-0.33,-0.33,-0.32,-0.32,-0.32,-0.32,-0.32,-0.32,-0.32,-0.32,-0.32,-0.32,-0.32,-0.32,-0.32,-0.32,-0.28,-0.28,-0.28,-0.28,-0.28,-0.28
2023,7,-0.17,-0.17,-0.17,-0.17,-0.17,-0.17,-0.17,-0.17,-0.17,-0.17,-0.17,-0.17,-0.17,-0.17,-0.17,-0.17,-0.17,-0.17,-0.17,-0.17,-0.17,-0.17,-0.17,-0.17,-0.17,-0.17,-0.17,-0.17,-0.17,-0.17,-0.17,-0.17,-0.17,-0.17,-0.17,-0.17,-0.17,-0.17,-0.17,-0.17,-0.17,-0.17,-0.17,-0.17,-0.17,-0.14,-0.14,-0.14,-0.14,-0.14,-0.14,-0.14,-0.14,-0.14,-0.14,-0.14,-0.14,-0.14,-0.14,-0.14,-0.14,-0.14,-0.14,-0.14,-0.14
2023,8,0.44,0.44,0.44,0.44,0.44,0.44,0.44,0.44,0.44,0.44,0.44,0.44,0.44,0.44,0.44,0.44,0.44,0.44,0.44,0.44,0.44,0.44,0.44,0.44,0.44,0.44,0.44,0.44,0.44,0.44,0.44,0.44,0.44,0.44,0.44,0.44,0.44,0.44,0.44,0.44,0.44,0.44,0.44,0.44,0.44,0.44,0.44,0.44,0.44,0.44,0.44,0.44,0.44,0.44,0.44,0.44,0.44,0.44,0.44,0.46,0.46,0.46,0.46,0.46,0.46
2023,9,0.77,0.77,0.77,0.77,0.77,0.77,0.77,0.77,0.77,0.77,0.77,0.77,0.77,0.77,0.77,0.77,0.78,0.78,0.78,0.78,0.78,0.78,0.78,0.78,0.78,0.78,0.78,0.78,0.78,0.78,0.78,0.78,0.78,0.78,0.78,0.78,0.78,0.78,0.78,0.78,0.78,0.78,0.78,0.78,0.78,0.76,0.76,0.76,0.76,0.76,0.76,0.76,0.76,0.76,0.76,0.76,0.76,0.76,0.76,0.77,0.77,0.77,0.77,0.77,0.77
2023,10,-0.85,-0.85,-0.85,-0.85,-0.85,-0.86,-0.85,-0.85,-0.85,-0.85,-0.83,-0.82,-0.82,-0.82,-0.82,-0.82,-0.82,-0.82,-0.82,-0.82,-0.82,-0.76,-0.76,-0.76,-0.76,-0.76,-0.76,-0.76,-0.76,-0.76,-0.76,-0.76,-0.76,-0.76,-0.76,-0.76,-0.76,-0.76,-0.76,-0.76,-0.76,-0.76,-0.76,-0.76,-0.76,-0.79,-0.79,-0.79,-0.79,-0.79,-0.79,-0.79,-0.79,-0.79,-0.79,-0.79,-0.79,-0.79,-0.79,-0.8,-0.8,-0.8,-0.8,-0.8,-0.8
2023,11,-0.12,-0.12,-0.12,0.13,0.13,-0.12,-0.12,-0.12,-0.12,-0.12,-0.1,-0.15,-0.15,-0.15,-0.15,-0.15,-0.15,-0.15,-0.15,-0.15,-0.15,-0.11,-0.12,-0.12,-0.12,-0.08,-0.09,-0.09,-0.09,-0.09,-0.09,-0.17,-0.18,-0.18,-0.18,-0.18,-0.18,-0.19,-0.19,-0.19,-0.19,-0.17,-0.17,-0.17,-0.17,-0.17,-0.17,-0.17,-0.17,-0.17,-0.17,-0.17,-0.17,-0.17,-0.17,-0.17,-0.17,-0.17,-0.17,-0.13,-0.13,-0.13,-0.13,-0.13,-0.13
2023,12,NA,NA,NA,NA,NA,NA,NA,-0.51,-0.51,-0.51,-0.15,-0.24,-0.24,-0.24,-0.24,-0.24,0.51,0.51,0.51,0.51,0.51,0.5,0.44,0.44,0.44,0.52,0.51,0.51,0.51,0.51,0.51,0.44,0.53,0.53,0.53,0.53,0.53,0.53,0.52,0.53,0.53,0.55,0.55,0.47,0.46,0.42,0.42,0.42,0.42,0.42,0.36,0.36,0.36,0.36,0.36,0.36,0.36,0.35,0.35,0.38,0.38,0.38,0.36,0.36,0.36
2024,1,NA,NA,NA,NA,NA,NA,NA,NA,NA,NA,NA,NA,NA,NA,NA,NA,NA,NA,NA,NA,NA,NA,NA,NA,NA,NA,NA,NA,NA,NA,0.29,-0.21,-0.65,-0.65,-0.65,-0.65,-0.65,-0.62,-1.02,-1.14,-1.14,-1.16,-1.16,-1.37,-1.41,-1.03,-1.03,-1.03,-1.03,-1.03,-1.08,-1.08,-1.08,-1.04,-1.04,-1.04,-1.04,-1.02,-1.04,-1.02,-1.02,-1.02,-1.02,-1.05,-1.05
2024,2,NA,NA,NA,NA,NA,NA,NA,NA,NA,NA,NA,NA,NA,NA,NA,NA,NA,NA,NA,NA,NA,NA,NA,NA,NA,NA,NA,NA,NA,NA,NA,NA,NA,NA,NA,NA,NA,NA,NA,NA,NA,NA,NA,NA,NA,NA,NA,NA,-0.26,-0.26,-0.09,-0.09,-0.09,0.01,0.01,0.01,0.01,0.08,0,0.01,0.01,0.4,0.31,0.46,0.46
